timestamp,qw,qx,qy,qz,acc_x,acc_y,acc_z,gyro_x,gyro_y,gyro_z,raw_hex,src_uuid
22:52:08.915918,0.885009765625,-0.052734375,0.4588623046875,-0.05816650390625,-0.81005859375,-0.15283203125,0.5595703125,-0.75,-1.4375,0.125,a438a0fc5e1d47fc85f9c7fe7a04f4ffe9ff0200,d5060402-a904-deb9-4748-2c7f4a124842
22:52:08.930927,-0.0001220703125,-0.0780029296875,0.09356689453125,-0.06243896484375,0.2490234375,0.00048828125,0.50146484375,15.9375,nan,nan,feff02fbfd0501fcfe0101000304ff00,d5060205-a904-deb9-4748-2c7f4a124842
22:52:08.931688,0.885009765625,-0.05279541015625,0.4588623046875,-0.0582275390625,-0.81201171875,-0.158203125,0.55517578125,0.25,-1.125,0.0625,a4389ffc5e1d46fc81f9bcfe71040400eeff0100,d5060402-a904-deb9-4748-2c7f4a124842
22:52:08.953765,0.885009765625,-0.05279541015625,0.45880126953125,-0.058349609375,-0.81201171875,-0.16064453125,0.56591796875,1.1875,-0.9375,0.0,a4389ffc5d1d44fc81f9b7fe87041300f1ff0000,d5060402-a904-deb9-4748-2c7f4a124842
22:52:08.968254,6.103515625e-05,-0.01519775390625,0.0638427734375,-0.04669189453125,0.248046875,0.37255859375,-0.00439453125,-32.0625,nan,nan,010007ff160403fdfc01fb02f7fffffd,d5060205-a904-deb9-4748-2c7f4a124842
22:52:08.975590,0.885009765625,-0.05267333984375,0.45880126953125,-0.05853271484375,-0.80224609375,-0.14990234375,0.55908203125,1.25,-0.625,-0.3125,a438a1fc5d1d41fc95f9cdfe79041400f6fffbff,d5060402-a904-deb9-4748-2c7f4a124842
22:52:08.998679,0.88494873046875,-0.05255126953125,0.4588623046875,-0.0587158203125,-0.80859375,-0.146484375,0.55908203125,1.0,-0.5,-0.875,a338a3fc5e1d3efc88f9d4fe79041000f8fff2ff,d5060402-a904-deb9-4748-2c7f4a124842
22:52:09.013032,0.01568603515625,0.077880859375,-0.0001220703125,-0.0152587890625,-0.25,0.498046875,-0.0009765625,-0.1875,nan,nan,0101fc04feff06ff00fefc03fefffdff,d5060205-a904-deb9-4748-2c7f4a124842
22:52:09.013647,0.88494873046875,-0.0526123046875,0.4588623046875,-0.0587158203125,-0.81005859375,-0.14990234375,0.56787109375,-0.375,-0.6875,-0.375,a338a2fc5e1d3efc85f9cdfe8b04fafff5fffaff,d5060402-a904-deb9-4748-2c7f4a124842
22:52:09.035483,0.88494873046875,-0.0526123046875,0.45892333984375,-0.0587158203125,-0.80517578125,-0.1513671875,0.560546875,0.125,-0.8125,-0.375,a338a2fc5f1d3efc8ff9cafe7c040200f3fffaff,d5060402-a904-deb9-4748-2c7f4a124842
22:52:09.050523,-0.015869140625,0.0313720703125,0.14031982421875,-0.062255859375,-0.5009765625,0.24560546875,-0.751953125,-0.0625,nan,nan,fcfe0202fb0804fcfefbf701fcf9ffff,d5060205-a904-deb9-4748-2c7f4a124842
22:52:09.051302,0.8848876953125,-0.0526123046875,0.45892333984375,-0.0587158203125,-0.81103515625,-0.15185546875,0.55419921875,0.5625,-0.625,-0.5,a238a2fc5f1d3efc83f9c9fe6f040900f6fff8ff,d5060402-a904-deb9-4748-2c7f4a124842
22:52:09.073847,0.8848876953125,-0.0526123046875,0.458984375,-0.0587158203125,-0.8095703125,-0.1484375,0.5654296875,0.5625,-1.0,-0.5,a238a2fc601d3efc86f9d0fe86040900f0fff8ff,d5060402-a904-deb9-4748-2c7f4a124842
22:52:09.088298,-0.03125,-0.03118896484375,0.0633544921875,-0.01568603515625,-0.125,-0.37353515625,0.87548828125,16.5,nan,nan,00fe01fe0e04fffe00ff03fd01070801,d5060205-a904-deb9-4748-2c7f4a124842
22:52:09.095511,0.88494873046875,-0.05255126953125,0.45892333984375,-0.058837890625,-0.810546875,-0.15087890625,0.56396484375,0.8125,-1.125,-0.1875,a338a3fc5f1d3cfc84f9cbfe83040d00eefffdff,d5060402-a904-deb9-4748-2c7f4a124842
22:52:09.111323,0.88494873046875,-0.0523681640625,0.4588623046875,-0.05889892578125,-0.80517578125,-0.14697265625,0.55908203125,1.1875,-1.0,-0.0625,a338a6fc5e1d3bfc8ff9d3fe79041300f0ffffff,d5060402-a904-deb9-4748-2c7f4a124842
22:52:09.132931,0.07818603515625,0.06207275390625,0.109375,0.000244140625,-0.50146484375,0.37646484375,0.123046875,-31.875,nan,nan,0105f90300070400fdfb0303fc0002fe,d5060205-a904-deb9-4748-2c7f4a124842
22:52:09.133729,0.885009765625,-0.05230712890625,0.45880126953125,-0.05908203125,-0.8095703125,-0.154296875,0.560546875,1.3125,-1.1875,-0.25,a438a7fc5d1d38fc86f9c4fe7c041500edfffcff,d5060402-a904-deb9-4748-2c7f4a124842
22:52:09.156123,0.88494873046875,-0.05230712890625,0.45880126953125,-0.05908203125,-0.80908203125,-0.15478515625,0.55908203125,0.625,-1.0,-0.25,a338a7fc5d1d38fc87f9c3fe79040a00f0fffcff,d5060402-a904-deb9-4748-2c7f4a124842
22:52:09.170468,-0.062744140625,0.061767578125,0.0623779296875,-0.0467529296875,0.62548828125,-0.00146484375,0.11962890625,31.8125,nan,nan,fcfbf403fe0302fd0105fdfff500fd01,d5060205-a904-deb9-4748-2c7f4a124842
22:52:09.171326,0.88494873046875,-0.0523681640625,0.4588623046875,-0.05908203125,-0.80712890625,-0.15478515625,0.55419921875,0.625,-0.75,-0.375,a338a6fc5e1d38fc8bf9c3fe6f040a00f4fffaff,d5060402-a904-deb9-4748-2c7f4a124842
22:52:09.201097,0.88494873046875,-0.0523681640625,0.45892333984375,-0.05908203125,-0.810546875,-0.15234375,0.5595703125,0.6875,-0.9375,-0.4375,a338a6fc5f1d38fc84f9c8fe7a040b00f1fff9ff,d5060402-a904-deb9-4748-2c7f4a124842
22:52:09.215564,0.03125,0.0625,-0.0157470703125,0.015625,-0.75146484375,0.87548828125,0.751953125,-48.0,nan,nan,00020004fefe0001fdf90107040600fd,d5060205-a904-deb9-4748-2c7f4a124842
22:52:09.216087,0.8848876953125,-0.0523681640625,0.45892333984375,-0.05908203125,-0.80810546875,-0.14990234375,0.5634765625,0.6875,-0.875,-0.375,a238a6fc5f1d38fc89f9cdfe82040b00f2fffaff,d5060402-a904-deb9-4748-2c7f4a124842
22:52:09.231276,0.8848876953125,-0.0523681640625,0.45892333984375,-0.05908203125,-0.806640625,-0.14990234375,0.560546875,0.6875,-0.6875,-0.5,a238a6fc5f1d38fc8cf9cdfe7c040b00f5fff8ff,d5060402-a904-deb9-4748-2c7f4a124842
22:52:09.252941,-0.000244140625,-0.0001220703125,-0.015869140625,-0.0467529296875,-0.1279296875,0.00146484375,0.2490234375,-32.0,nan,nan,fcfffefffcfe02fdfafe0300fe0100fe,d5060205-a904-deb9-4748-2c7f4a124842
22:52:09.253667,0.8848876953125,-0.05230712890625,0.458984375,-0.05926513671875,-0.8115234375,-0.15234375,0.5625,1.1875,-0.6875,-0.5,a238a7fc601d35fc82f9c8fe80041300f5fff8ff,d5060402-a904-deb9-4748-2c7f4a124842
22:52:09.276016,0.8848876953125,-0.05224609375,0.45892333984375,-0.0594482421875,-0.80908203125,-0.154296875,0.5556640625,1.125,-1.0625,-0.3125,a238a8fc5f1d32fc87f9c4fe72041200effffbff,d5060402-a904-deb9-4748-2c7f4a124842
22:52:09.290541,-0.04681396484375,0.04693603515625,0.10968017578125,0.0311279296875,-0.62646484375,-0.00146484375,0.37646484375,-15.9375,nan,nan,01fd01030507fe01fdfafdff030301ff,d5060205-a904-deb9-4748-2c7f4a124842
22:52:09.291266,0.8848876953125,-0.05218505859375,0.45892333984375,-0.05963134765625,-0.80908203125,-0.15380859375,0.5615234375,1.0625,-0.8125,-0.5625,a238a9fc5f1d2ffc87f9c5fe7e041100f3fff7ff,d5060402-a904-deb9-4748-2c7f4a124842
22:52:09.320496,0.8848876953125,-0.05218505859375,0.458984375,-0.05963134765625,-0.8134765625,-0.14599609375,0.564453125,0.8125,-1.0,-0.375,a238a9fc601d2ffc7ef9d5fe84040d00f0fffaff,d5060402-a904-deb9-4748-2c7f4a124842
22:52:09.335479,0.06231689453125,-0.015625,0.07818603515625,-0.046875,-0.2509765625,1.12548828125,-0.1318359375,-0.1875,nan,nan,fd0300ff010500fdfefd0109f2fefdff,d5060205-a904-deb9-4748-2c7f4a124842
22:52:09.336052,0.8848876953125,-0.05218505859375,0.458984375,-0.05963134765625,-0.81005859375,-0.14453125,0.56396484375,0.625,-0.6875,0.3125,a238a9fc601d2ffc85f9d8fe83040a00f5ff0500,d5060402-a904-deb9-4748-2c7f4a124842
22:52:09.351270,0.88482666015625,-0.05218505859375,0.458984375,-0.05963134765625,-0.8095703125,-0.150390625,0.56298828125,-0.125,-0.875,0.0625,a138a9fc601d2ffc86f9ccfe8104fefff2ff0100,d5060402-a904-deb9-4748-2c7f4a124842
22:52:09.373151,-0.093994140625,-0.078857421875,0.04656982421875,-6.103515625e-05,-0.1259765625,0.75,0.00048828125,-0.375,nan,nan,fcf9f4fafb02fffffefe00060100faff,d5060205-a904-deb9-4748-2c7f4a124842
22:52:09.373797,0.88482666015625,-0.05224609375,0.45904541015625,-0.05963134765625,-0.8046875,-0.15576171875,0.568359375,-0.625,-0.8125,0.25,a138a8fc611d2ffc90f9c1fe8c04f6fff3ff0400,d5060402-a904-deb9-4748-2c7f4a124842
22:52:09.402983,0.88482666015625,-0.05224609375,0.45904541015625,-0.05963134765625,-0.80712890625,-0.162109375,0.5595703125,-0.25,-1.0,-0.25,a138a8fc611d2ffc8bf9b4fe7a04fcfff0fffcff,d5060402-a904-deb9-4748-2c7f4a124842
22:52:09.410433,-0.03125,-0.109375,0.0465087890625,-0.06268310546875,-0.37744140625,4.0009765625,0.12060546875,15.75,nan,nan,00fe00f9fa02fdfbfbfc0220f700fc00,d5060205-a904-deb9-4748-2c7f4a124842
22:52:09.411304,0.88482666015625,-0.0521240234375,0.4591064453125,-0.05975341796875,-0.80908203125,-0.1455078125,0.556640625,1.1875,-0.6875,-0.25,a138aafc621d2dfc87f9d6fe74041300f5fffcff,d5060402-a904-deb9-4748-2c7f4a124842
22:52:09.435589,0.884765625,-0.0521240234375,0.4591064453125,-0.05975341796875,-0.81201171875,-0.14697265625,0.56591796875,0.6875,-0.5625,-0.1875,a038aafc621d2dfc81f9d3fe87040b00f7fffdff,d5060402-a904-deb9-4748-2c7f4a124842
22:52:09.455453,-0.0157470703125,-0.234619140625,0.1717529296875,-0.0626220703125,0.125,0.50146484375,0.37744140625,32.0625,nan,nan,fefefcf0fe0afefb0001030405030102,d5060205-a904-deb9-4748-2c7f4a124842
22:52:09.456108,0.88482666015625,-0.05224609375,0.458984375,-0.05975341796875,-0.80712890625,-0.15478515625,0.56689453125,-0.25,-1.375,-0.1875,a138a8fc601d2dfc8bf9c3fe8904fcffeafffdff,d5060402-a904-deb9-4748-2c7f4a124842
22:52:09.471298,0.88494873046875,-0.0521240234375,0.45880126953125,-0.059814453125,-0.81396484375,-0.15185546875,0.5615234375,1.0,-2.0,0.25,a338aafc5d1d2cfc7df9c9fe7e041000e0ff0400,d5060402-a904-deb9-4748-2c7f4a124842
22:52:09.495289,0.885009765625,-0.0516357421875,0.458740234375,-0.05975341796875,-0.80712890625,-0.142578125,0.5390625,2.5625,-2.625,1.5,a438b2fc5c1d2dfc8bf9dcfe50042900d6ff1800,d5060402-a904-deb9-4748-2c7f4a124842
22:52:09.495412,0.1722412109375,0.20361328125,0.1248779296875,0.0946044921875,-0.7509765625,-0.0009765625,-0.12939453125,47.875,nan,nan,060b080dfe070e06fef9fefff7fefe02,d5060205-a904-deb9-4748-2c7f4a124842
22:52:09.516062,0.8848876953125,-0.05181884765625,0.458984375,-0.0594482421875,-0.802734375,-0.15380859375,0.54052734375,-1.1875,0.0,1.25,a238affc601d32fc94f9c5fe5304edff00001400,d5060402-a904-deb9-4748-2c7f4a124842
22:52:09.530483,-0.01568603515625,-0.00042724609375,0.09698486328125,-0.1251220703125,0.2509765625,0.00341796875,-0.384765625,80.5625,nan,nan,fffef9ff3506fef702020700ecfc0905,d5060205-a904-deb9-4748-2c7f4a124842
22:52:09.531325,0.88482666015625,-0.052490234375,0.45916748046875,-0.05889892578125,-0.82275390625,-0.1494140625,0.57177734375,-5.125,-0.1875,1.125,a138a4fc631d3bfc6bf9cefe9304aefffdff1200,d5060402-a904-deb9-4748-2c7f4a124842
22:52:09.554409,0.88470458984375,-0.05303955078125,0.4593505859375,-0.05792236328125,-0.818359375,-0.1337890625,0.5625,-5.875,-0.375,2.5,9f389bfc661d4bfc74f9eefe8004a2fffaff2800,d5060402-a904-deb9-4748-2c7f4a124842
22:52:09.575592,-0.07806396484375,-0.0472412109375,0.2032470703125,-0.0628662109375,0.625,0.251953125,0.89697265625,16.3125,nan,nan,01fbfafc020dfafb000504022d070501,d5060205-a904-deb9-4748-2c7f4a124842
22:52:09.576090,0.88470458984375,-0.0537109375,0.45947265625,-0.05694580078125,-0.80615234375,-0.1494140625,0.5595703125,-5.5625,-0.5,3.4375,9f3890fc681d5bfc8df9cefe7a04a7fff8ff3700,d5060402-a904-deb9-4748-2c7f4a124842
22:52:09.591274,0.884765625,-0.0545654296875,0.45928955078125,-0.05645751953125,-0.80908203125,-0.16650390625,0.57568359375,-5.0,-1.375,1.1875,a03882fc651d63fc87f9abfe9b04b0ffeaff1300,d5060402-a904-deb9-4748-2c7f4a124842
22:52:09.613492,0.140869140625,0.26611328125,0.18731689453125,0.172607421875,-0.251953125,-0.125,-0.744140625,15.75,nan,nan,04090811fd0b0c0bfcfd00ff0cfafc00,d5060205-a904-deb9-4748-2c7f4a124842
22:52:09.614001,0.88482666015625,-0.05517578125,0.4591064453125,-0.0562744140625,-0.81201171875,-0.16650390625,0.568359375,-2.875,-1.9375,0.125,a13878fc621d66fc81f9abfe8c04d2ffe1ff0200,d5060402-a904-deb9-4748-2c7f4a124842
22:52:09.636262,0.88482666015625,-0.05517578125,0.45916748046875,-0.0562744140625,-0.818359375,-0.15283203125,0.5498046875,0.25,-0.125,-0.25,a13878fc631d66fc74f9c7fe66040400fefffcff,d5060402-a904-deb9-4748-2c7f4a124842
22:52:09.650791,0.0155029296875,0.234619140625,0.06219482421875,-0.046630859375,-0.25048828125,-2.0,-0.00439453125,15.8125,nan,nan,fe00040ffb0304fdfffd00f0f7fffd00,d5060205-a904-deb9-4748-2c7f4a124842
22:52:09.658005,0.88446044921875,-0.05517578125,0.45989990234375,-0.05609130859375,-0.814453125,-0.142578125,0.52685546875,-0.5,1.625,0.4375,9b3878fc6f1d69fc7cf9dcfe3704f8ff1a000700,d5060402-a904-deb9-4748-2c7f4a124842
22:52:09.673830,0.8839111328125,-0.05596923828125,0.4608154296875,-0.0556640625,-0.822265625,-0.14892578125,0.54248046875,-5.5,3.875,-0.125,92386bfc7e1d70fc6cf9cffe5704a8ff3e00feff,d5060402-a904-deb9-4748-2c7f4a124842
22:52:09.695602,-0.10968017578125,-0.078369140625,0.03021240234375,-0.01556396484375,-0.8779296875,-0.37548828125,0.12255859375,-32.1875,nan,nan,fbf8fcfaef0101fffaf8fffcfb00fdfd,d5060205-a904-deb9-4748-2c7f4a124842
22:52:09.696078,0.88372802734375,-0.05712890625,0.461181640625,-0.05517578125,-0.830078125,-0.16162109375,0.57373046875,-7.0,1.125,-0.1875,8f3858fc841d78fc5cf9b5fe970490ff1200fdff,d5060402-a904-deb9-4748-2c7f4a124842
22:52:09.718501,0.8837890625,-0.0579833984375,0.46099853515625,-0.05487060546875,-0.8056640625,-0.1787109375,0.57080078125,-4.1875,-1.25,0.625,90384afc811d7dfc8ef992fe9104bdffecff0a00,d5060402-a904-deb9-4748-2c7f4a124842
22:52:09.733132,0.15643310546875,0.3612060546875,-0.00030517578125,0.06329345703125,-0.37744140625,-0.25341796875,-0.0078125,-0.5,nan,nan,030a1e17fbff0d04fbfcf9fdf0fff8ff,d5060205-a904-deb9-4748-2c7f4a124842
22:52:09.733842,0.8839111328125,-0.05828857421875,0.46063232421875,-0.05499267578125,-0.79931640625,-0.17333984375,0.5712890625,-0.25,-1.6875,0.0,923845fc7b1d7bfc9bf99dfe9204fcffe5ff0000,d5060402-a904-deb9-4748-2c7f4a124842
22:52:09.756137,0.88385009765625,-0.05816650390625,0.46075439453125,-0.05523681640625,-0.80810546875,-0.1591796875,0.5439453125,1.4375,-0.625,-0.8125,913847fc7d1d77fc89f9bafe5a041700f6fff3ff,d5060402-a904-deb9-4748-2c7f4a124842
22:52:09.770691,0.883544921875,-0.0577392578125,0.46136474609375,-0.0555419921875,-0.814453125,-0.1416015625,0.53515625,2.6875,2.125,-0.9375,8c384efc871d72fc7cf9defe48042b002200f1ff,d5060402-a904-deb9-4748-2c7f4a124842
22:52:09.778175,0.03118896484375,0.249755859375,0.00115966796875,6.103515625e-05,-0.2490234375,-1.37548828125,0.1240234375,47.875,nan,nan,ff01fc0f1300010002fefff4fe00fe02,d5060205-a904-deb9-4748-2c7f4a124842
22:52:09.794338,0.88323974609375,-0.0576171875,0.46197509765625,-0.0556640625,-0.82421875,-0.1474609375,0.55517578125,0.375,2.625,-0.75,873850fc911d70fc68f9d2fe710406002a00f4ff,d5060402-a904-deb9-4748-2c7f4a124842
22:52:09.808091,0.883056640625,-0.05816650390625,0.4622802734375,-0.05572509765625,-0.81640625,-0.16162109375,0.556640625,-2.3125,1.25,-1.625,843847fc961d6ffc78f9b5fe7404dbff1400e6ff,d5060402-a904-deb9-4748-2c7f4a124842
22:52:09.815438,0.07794189453125,0.28326416015625,0.0938720703125,0.062744140625,-0.3759765625,-1.63525390625,-2.26416015625,-64.5,nan,nan,fd04211202060404fefcebf2e3edf8fb,d5060205-a904-deb9-4748-2c7f4a124842
22:52:09.831206,0.88275146484375,-0.058349609375,0.46270751953125,-0.05596923828125,-0.8056640625,-0.16943359375,0.54833984375,0.125,2.125,-0.75,7f3844fc9d1d6bfc8ef9a5fe630402002200f4ff,d5060402-a904-deb9-4748-2c7f4a124842
22:52:09.853583,0.8824462890625,-0.05810546875,0.46331787109375,-0.056396484375,-0.80615234375,-0.16162109375,0.544921875,2.375,3.125,-1.0,7a3848fca71d64fc8df9b5fe5c0426003200f0ff,d5060402-a904-deb9-4748-2c7f4a124842
22:52:09.854058,-6.103515625e-05,0.00054931640625,0.00067138671875,-0.09375,-1.12451171875,2.74755859375,-0.7568359375,-0.25,nan,nan,ffff09000b0000fa01f7fb15f2f9fcff,d5060205-a904-deb9-4748-2c7f4a124842
22:52:09.868114,0.88214111328125,-0.0579833984375,0.4638671875,-0.05712890625,-0.80517578125,-0.16162109375,0.548828125,2.6875,3.5,-3.0625,75384afcb01d58fc8ff9b5fe64042b003800cfff,d5060402-a904-deb9-4748-2c7f4a124842
22:52:09.890703,0.881591796875,-0.05767822265625,0.46478271484375,-0.05792236328125,-0.81005859375,-0.15869140625,0.5419921875,3.375,5.125,-2.6875,6c384ffcbf1d4bfc85f9bbfe560436005200d5ff,d5060402-a904-deb9-4748-2c7f4a124842
22:52:09.897999,0.09381103515625,0.2508544921875,0.03253173828125,0.0478515625,-0.25048828125,-0.7490234375,0.2412109375,-0.1875,nan,nan,01060e1015021003fffd02faee01fdff,d5060205-a904-deb9-4748-2c7f4a124842
22:52:09.912998,0.8809814453125,-0.05731201171875,0.46588134765625,-0.0584716796875,-0.8212890625,-0.15478515625,0.54443359375,2.9375,6.5,-1.875,623855fcd11d42fc6ef9c3fe5b042f006800e2ff,d5060402-a904-deb9-4748-2c7f4a124842
22:52:09.928633,0.88055419921875,-0.05731201171875,0.46661376953125,-0.05877685546875,-0.82861328125,-0.15283203125,0.56640625,0.0625,5.0,-1.9375,5b3855fcdd1d3dfc5ff9c7fe880401005000e1ff,d5060402-a904-deb9-4748-2c7f4a124842
22:52:09.935751,-0.03131103515625,-0.01568603515625,0.10955810546875,-0.0784912109375,-0.0009765625,0.8759765625,-1.5048828125,64.25,nan,nan,fffdfffe0307fafafeff0207f6f30404,d5060205-a904-deb9-4748-2c7f4a124842
22:52:09.958093,0.880126953125,-0.0574951171875,0.46746826171875,-0.0592041015625,-0.814453125,-0.17138671875,0.53173828125,0.625,4.0625,-1.75,543852fceb1d36fc7cf9a1fe41040a004100e4ff,d5060402-a904-deb9-4748-2c7f4a124842
22:52:09.973053,0.879638671875,-0.05767822265625,0.46826171875,-0.0599365234375,-0.81494140625,-0.17333984375,0.546875,1.1875,5.1875,-3.0625,4c384ffcf81d2afc7bf99dfe600413005300cfff,d5060402-a904-deb9-4748-2c7f4a124842
22:52:09.973834,0.10931396484375,-0.03057861328125,0.2982177734375,0.0006103515625,-0.50244140625,1.1279296875,-0.50732421875,-47.875,nan,nan,ff060bfe16130a00fbfb0609f1fb02fd,d5060205-a904-deb9-4748-2c7f4a124842
22:52:09.988125,0.87908935546875,-0.057373046875,0.46917724609375,-0.060546875,-0.8212890625,-0.154296875,0.537109375,3.0,5.1875,-2.375,433854fc071e20fc6ef9c4fe4c0430005300daff,d5060402-a904-deb9-4748-2c7f4a124842
22:52:10.010849,0.8785400390625,-0.0570068359375,0.47021484375,-0.06134033203125,-0.81884765625,-0.14794921875,0.54052734375,2.8125,6.6875,-3.5625,3a385afc181e13fc73f9d1fe53042d006b00c7ff,d5060402-a904-deb9-4748-2c7f4a124842
22:52:10.018134,-0.03131103515625,-0.265625,0.0296630859375,0.015869140625,-0.12646484375,0.49951171875,-0.4970703125,31.6875,nan,nan,fffd00efe6010401fdfeff0306fcfb01,d5060205-a904-deb9-4748-2c7f4a124842
22:52:10.032970,0.87786865234375,-0.05694580078125,0.47137451171875,-0.06207275390625,-0.8212890625,-0.16552734375,0.55029296875,2.125,7.8125,-3.0,2f385bfc2b1e07fc6ef9adfe670422007d00d0ff,d5060402-a904-deb9-4748-2c7f4a124842
22:52:10.048118,0.877197265625,-0.056884765625,0.47247314453125,-0.0628662109375,-0.8251953125,-0.1669921875,0.54052734375,1.9375,7.0625,-3.3125,24385cfc3d1efafb66f9aafe53041f007100cbff,d5060402-a904-deb9-4748-2c7f4a124842
22:52:10.055625,-0.09381103515625,-0.25091552734375,0.314208984375,-0.09381103515625,1.12646484375,1.3759765625,-0.37158203125,112.8125,nan,nan,fff9f1ef1c14fff90309020b07fd0d07,d5060205-a904-deb9-4748-2c7f4a124842
22:52:10.070635,0.87664794921875,-0.05657958984375,0.47344970703125,-0.063720703125,-0.822265625,-0.16455078125,0.53466796875,3.75,6.0625,-2.875,1b3861fc4d1eecfb6cf9affe47043c006100d2ff,d5060402-a904-deb9-4748-2c7f4a124842
22:52:10.093187,0.8759765625,-0.05609130859375,0.47467041015625,-0.06451416015625,-0.81884765625,-0.1591796875,0.51708984375,4.1875,7.25,-2.75,103869fc611edffb73f9bafe230443007400d4ff,d5060402-a904-deb9-4748-2c7f4a124842
22:52:10.093822,0.218994140625,-0.06195068359375,0.1712646484375,0.09454345703125,-0.875,-0.625,-0.7666015625,15.5625,nan,nan,040e09fcf60a0d0600f900fbdef9f900,d5060205-a904-deb9-4748-2c7f4a124842
22:52:10.108393,0.87518310546875,-0.055908203125,0.47601318359375,-0.0653076171875,-0.82470703125,-0.16015625,0.521484375,2.3125,8.1875,-3.3125,03386cfc771ed2fb67f9b8fe2c0425008300cbff,d5060402-a904-deb9-4748-2c7f4a124842
22:52:10.138014,0.87432861328125,-0.05615234375,0.4774169921875,-0.0657958984375,-0.83203125,-0.162109375,0.52880859375,-0.25,8.6875,-3.0,f53768fc8e1ecafb58f9b4fe3b04fcff8b00d0ff,d5060402-a904-deb9-4748-2c7f4a124842
22:52:10.138689,-0.0626220703125,-0.09381103515625,0.109375,6.103515625e-05,-0.5009765625,-0.1259765625,-0.2578125,127.875,nan,nan,fefbfff900070100fefbfefef0fdfe07,d5060205-a904-deb9-4748-2c7f4a124842
22:52:10.145665,0.87353515625,-0.055908203125,0.4788818359375,-0.0662841796875,-0.83251953125,-0.16162109375,0.51025390625,1.75,7.9375,-1.8125,e8376cfca61ec2fb57f9b5fe15041c007f00e3ff,d5060402-a904-deb9-4748-2c7f4a124842
22:52:10.168416,0.87286376953125,-0.05596923828125,0.48004150390625,-0.06683349609375,-0.841796875,-0.16845703125,0.52734375,0.9375,7.125,-2.625,dd376bfcb91eb9fb44f9a7fe38040f007200d6ff,d5060402-a904-deb9-4748-2c7f4a124842
22:52:10.175936,0.09368896484375,0.24993896484375,0.081298828125,-0.0308837890625,0.00048828125,0.5,-0.25244140625,16.0,nan,nan,ff05ff0f340506fe01000004fbfd0001,d5060205-a904-deb9-4748-2c7f4a124842
22:52:10.190651,0.87261962890625,-0.0560302734375,0.48040771484375,-0.0673828125,-0.83544921875,-0.17138671875,0.5341796875,1.0625,2.9375,-2.375,d9376afcbf1eb0fb51f9a1fe460411002f00daff,d5060402-a904-deb9-4748-2c7f4a124842
22:52:10.205713,0.87213134765625,-0.05596923828125,0.48126220703125,-0.0679931640625,-0.81396484375,-0.17578125,0.5048828125,2.3125,4.75,-1.9375,d1376bfccd1ea6fb7df998fe0a0425004c00e1ff,d5060402-a904-deb9-4748-2c7f4a124842
22:52:10.213083,-0.07818603515625,-0.09405517578125,0.15533447265625,-0.0628662109375,0.2509765625,-1.13720703125,-0.00390625,0.125,nan,nan,fffafbf9f109fafb0202e7f6f8ff0200,d5060205-a904-deb9-4748-2c7f4a124842
22:52:10.228825,0.8712158203125,-0.0556640625,0.4827880859375,-0.069091796875,-0.83642578125,-0.17333984375,0.52197265625,4.125,10.1875,-3.9375,c23770fce61e94fb4ff99dfe2d044200a300c1ff,d5060402-a904-deb9-4748-2c7f4a124842
22:52:10.250782,0.8702392578125,-0.05487060546875,0.48443603515625,-0.07037353515625,-0.85009765625,-0.173828125,0.51708984375,7.0,10.5,-3.6875,b2377dfc011f7ffb33f99cfe23047000a800c5ff,d5060402-a904-deb9-4748-2c7f4a124842
22:52:10.258034,-0.078125,-0.062744140625,0.01513671875,0.01568603515625,-0.12451171875,-0.125,1.12353515625,16.125,nan,nan,00fbfcfbf800010101ff00fffd080201,d5060205-a904-deb9-4748-2c7f4a124842
22:52:10.265874,0.86956787109375,-0.05377197265625,0.485595703125,-0.07147216796875,-0.83544921875,-0.16162109375,0.5107421875,8.0,7.75,-2.5,a7378ffc141f6dfb51f9b5fe160480007c00d8ff,d5060402-a904-deb9-4748-2c7f4a124842
22:52:10.288116,0.86895751953125,-0.0531005859375,0.486572265625,-0.07244873046875,-0.83642578125,-0.17041015625,0.51025390625,5.5625,6.875,-2.5,9d379afc241f5dfb4ff9a3fe150459006e00d8ff,d5060402-a904-deb9-4748-2c7f4a124842
22:52:10.295567,-0.015869140625,0.07940673828125,0.000244140625,-6.103515625e-05,0.123046875,-0.64501953125,0.7548828125,-0.0625,nan,nan,fcfe15050400fffffc00d7fa0a06ffff,d5060205-a904-deb9-4748-2c7f4a124842
22:52:10.310631,0.86834716796875,-0.05279541015625,0.487548828125,-0.07330322265625,-0.83642578125,-0.1767578125,0.5087890625,4.125,6.125,-2.5,93379ffc341f4ffb4ff996fe120442006200d8ff,d5060402-a904-deb9-4748-2c7f4a124842
22:52:10.325940,0.8677978515625,-0.052490234375,0.48846435546875,-0.073974609375,-0.83935546875,-0.16845703125,0.50634765625,3.0,6.0,-1.9375,8a37a4fc431f44fb49f9a7fe0d0430006000e1ff,d5060402-a904-deb9-4748-2c7f4a124842
22:52:10.333198,-0.12506103515625,-0.140625,0.0928955078125,-0.01568603515625,-0.251953125,-0.25146484375,0.6240234375,-64.4375,nan,nan,fff700f7f205fffefcfdfdfdfe04f9fb,d5060205-a904-deb9-4748-2c7f4a124842
22:52:10.355498,0.8673095703125,-0.05224609375,0.48931884765625,-0.07440185546875,-0.8427734375,-0.158203125,0.49853515625,1.875,4.75,-1.9375,8237a8fc511f3dfb42f9bcfefd031e004c00e1ff,d5060402-a904-deb9-4748-2c7f4a124842
22:52:10.370713,0.86651611328125,-0.05224609375,0.4906005859375,-0.07501220703125,-0.8388671875,-0.17041015625,0.490234375,1.4375,7.5,-2.75,7537a8fc661f33fb4af9a3feec0317007800d4ff,d5060402-a904-deb9-4748-2c7f4a124842
22:52:10.377877,0.0,0.00091552734375,0.06182861328125,-0.015625,-0.75048828125,0.87060546875,-0.38134765625,-64.125,nan,nan,00000f00f50300fffff9f706f3fcfefb,d5060205-a904-deb9-4748-2c7f4a124842
22:52:10.385670,0.865478515625,-0.05206298828125,0.49237060546875,-0.07586669921875,-0.85009765625,-0.17333984375,0.50244140625,2.5625,11.4375,-2.9375,6437abfc831f25fb33f99dfe05042900b700d1ff,d5060402-a904-deb9-4748-2c7f4a124842
22:52:10.408131,0.86474609375,-0.05169677734375,0.49359130859375,-0.07672119140625,-0.84912109375,-0.16796875,0.51025390625,3.625,8.4375,-3.1875,5837b1fc971f17fb35f9a8fe15043a008700cdff,d5060402-a904-deb9-4748-2c7f4a124842
22:52:10.415666,-0.0941162109375,-0.06231689453125,-0.001953125,0.0623779296875,-0.12548828125,-1.62646484375,-0.0009765625,-80.4375,nan,nan,faf903fce0fffe03fffefdf2fefff9fa,d5060205-a904-deb9-4748-2c7f4a124842
22:52:10.431262,0.864013671875,-0.0513916015625,0.4947509765625,-0.07757568359375,-0.8359375,-0.1796875,0.48974609375,3.75,7.6875,-2.375,4c37b6fcaa1f09fb50f990feeb033c007b00daff,d5060402-a904-deb9-4748-2c7f4a124842
22:52:10.445535,0.86309814453125,-0.05108642578125,0.49615478515625,-0.07843017578125,-0.84814453125,-0.1787109375,0.490234375,3.5625,9.25,-2.625,3d37bbfcc11ffbfa37f992feec0339009400d6ff,d5060402-a904-deb9-4748-2c7f4a124842
22:52:10.453164,-0.10955810546875,0.265380859375,0.20245361328125,-0.00018310546875,0.7509765625,-3.37060546875,0.0126953125,0.25,nan,nan,fdf8fc10f50cfdff020609e51a000400,d5060205-a904-deb9-4748-2c7f4a124842
22:52:10.468146,0.86224365234375,-0.05072021484375,0.49755859375,-0.0792236328125,-0.8603515625,-0.16748046875,0.49853515625,3.0625,9.25,-2.9375,2f37c1fcd81feefa1ef9a9fefd0331009400d1ff,d5060402-a904-deb9-4748-2c7f4a124842
22:52:10.490595,0.861328125,-0.0504150390625,0.49908447265625,-0.0799560546875,-0.85205078125,-0.1689453125,0.46533203125,3.1875,8.75,-2.625,2037c6fcf11fe2fa2ff9a6feb90333008c00d6ff,d5060402-a904-deb9-4748-2c7f4a124842
22:52:10.497923,0.109375,-0.2203369140625,-0.000244140625,0.04718017578125,-0.62744140625,-1.12255859375,-0.00048828125,-64.0,nan,nan,0007e6f1fcff0503fbfa05f7ffff00fc,d5060205-a904-deb9-4748-2c7f4a124842
22:52:10.505645,0.8603515625,-0.04998779296875,0.5006103515625,-0.0810546875,-0.8505859375,-0.17431640625,0.47216796875,4.6875,9.5625,-3.8125,1037cdfc0a20d0fa32f99bfec7034b009900c3ff,d5060402-a904-deb9-4748-2c7f4a124842
22:52:10.528266,0.85955810546875,-0.04949951171875,0.50189208984375,-0.08184814453125,-0.8779296875,-0.16357421875,0.49462890625,3.5625,8.5625,-3.25,0337d5fc1f20c3fafaf8b1fef50339008900ccff,d5060402-a904-deb9-4748-2c7f4a124842
22:52:10.535647,-6.103515625e-05,-0.218994140625,0.14044189453125,-0.0157470703125,-0.25048828125,-2.62939453125,-1.51806640625,-48.4375,nan,nan,fffffcf1fd08fefefffdf7eadbf3f9fc,d5060205-a904-deb9-4748-2c7f4a124842
22:52:10.551606,0.85870361328125,-0.04913330078125,0.50335693359375,-0.08245849609375,-0.86572265625,-0.17333984375,0.4765625,3.0625,8.9375,-1.75,f536dbfc3720b9fa13f99dfed00331008f00e4ff,d5060402-a904-deb9-4748-2c7f4a124842
22:52:10.565648,0.8577880859375,-0.048583984375,0.5048828125,-0.0830078125,-0.85546875,-0.16845703125,0.4541015625,3.625,8.8125,-1.0,e636e4fc5020b0fa28f9a7fea2033a008d00f0ff,d5060402-a904-deb9-4748-2c7f4a124842
22:52:10.573215,0.0313720703125,0.1563720703125,-0.00030517578125,0.0001220703125,-0.00048828125,-2.376953125,-0.642578125,63.8125,nan,nan,0202020afbff0200fffffcecdcfafd03,d5060205-a904-deb9-4748-2c7f4a124842
22:52:10.588173,0.85675048828125,-0.048095703125,0.50653076171875,-0.08367919921875,-0.8583984375,-0.17431640625,0.46142578125,3.8125,10.1875,-1.625,d536ecfc6b20a5fa22f99bfeb1033d00a300e6ff,d5060402-a904-deb9-4748-2c7f4a124842
22:52:10.610783,0.8560791015625,-0.0474853515625,0.50762939453125,-0.0843505859375,-0.8759765625,-0.1708984375,0.47705078125,4.3125,7.1875,-1.3125,ca36f6fc7d209afafef8a2fed10345007300ebff,d5060402-a904-deb9-4748-2c7f4a124842
22:52:10.617981,-0.093994140625,0.186767578125,0.142333984375,0.01544189453125,-0.25048828125,0.74951171875,-0.25732421875,80.0,nan,nan,fcf9f40b1c09fd00fffdff05f1fd0005,d5060205-a904-deb9-4748-2c7f4a124842
22:52:10.625659,0.85540771484375,-0.047119140625,0.5086669921875,-0.08502197265625,-0.85009765625,-0.17626953125,0.470703125,3.5,7.25,-1.6875,bf36fcfc8e208ffa33f997fec40338007400e5ff,d5060402-a904-deb9-4748-2c7f4a124842
22:52:10.648379,0.8546142578125,-0.04669189453125,0.5098876953125,-0.08599853515625,-0.86328125,-0.17236328125,0.45751953125,4.5,7.8125,-3.375,b23603fda2207ffa18f99ffea90348007d00caff,d5060402-a904-deb9-4748-2c7f4a124842
22:52:10.655690,-0.109375,-0.2034912109375,-0.0775146484375,-0.0155029296875,1.3759765625,2.63134765625,-0.25244140625,32.0625,nan,nan,00f9faf20afb02ff020b0d15fbfd0102,d5060205-a904-deb9-4748-2c7f4a124842
22:52:10.670625,0.853759765625,-0.04632568359375,0.51116943359375,-0.08685302734375,-0.869140625,-0.1689453125,0.45947265625,3.4375,7.9375,-3.1875,a43609fdb72071fa0cf9a6fead0337007f00cdff,d5060402-a904-deb9-4748-2c7f4a124842
22:52:10.691962,0.85284423828125,-0.04620361328125,0.51263427734375,-0.08758544921875,-0.8564453125,-0.177734375,0.4482421875,2.3125,9.0,-2.8125,95360bfdcf2065fa26f994fe960325009000d3ff,d5060402-a904-deb9-4748-2c7f4a124842
22:52:10.693187,0.0782470703125,0.51654052734375,-0.0162353515625,0.1099853515625,-0.501953125,-0.998046875,0.1220703125,15.5,nan,nan,02050f21f6fe0a07fcfb04f8fa00f800,d5060205-a904-deb9-4748-2c7f4a124842
22:52:10.709589,0.8521728515625,-0.0458984375,0.513671875,-0.0882568359375,-0.87744140625,-0.1630859375,0.45849609375,2.625,6.8125,-2.75,8a3610fde0205afafbf8b2feab032a006d00d4ff,d5060402-a904-deb9-4748-2c7f4a124842
22:52:10.730686,0.8514404296875,-0.04571533203125,0.5147705078125,-0.08892822265625,-0.87548828125,-0.1748046875,0.4501953125,2.375,6.5625,-2.875,7e3613fdf2204ffafff89afe9a0326006900d2ff,d5060402-a904-deb9-4748-2c7f4a124842
22:52:10.745473,-0.0472412109375,0.18768310546875,0.12481689453125,-0.07806396484375,-0.50146484375,1.00732421875,-1.25390625,47.8125,nan,nan,fafc030cfd0701fbfdfb0f08f8f5fd02,d5060205-a904-deb9-4748-2c7f4a124842
22:52:10.747049,0.8507080078125,-0.04547119140625,0.515869140625,-0.08953857421875,-0.875,-0.17041015625,0.4501953125,2.3125,6.8125,-2.1875,723617fd042145fa00f9a3fe9a0325006d00ddff,d5060402-a904-deb9-4748-2c7f4a124842
22:52:10.768206,0.84991455078125,-0.0450439453125,0.51708984375,-0.090087890625,-0.8583984375,-0.171875,0.43896484375,3.25,7.625,-1.3125,65361efd18213cfa22f9a0fe830334007a00ebff,d5060402-a904-deb9-4748-2c7f4a124842
22:52:10.775774,-0.0626220703125,0.062744140625,0.10888671875,0.046630859375,-1.1259765625,0.0048828125,-0.01318359375,31.75,nan,nan,fefb0404f806fc02fef60a00e5fffc01,d5060205-a904-deb9-4748-2c7f4a124842
22:52:10.790790,0.84906005859375,-0.04473876953125,0.5185546875,-0.09051513671875,-0.87255859375,-0.16650390625,0.4384765625,2.125,8.5625,-1.4375,573623fd302135fa05f9abfe820322008900e9ff,d5060402-a904-deb9-4748-2c7f4a124842
22:52:10.805586,0.84808349609375,-0.044677734375,0.51995849609375,-0.091064453125,-0.86279296875,-0.1767578125,0.43359375,1.25,8.875,-2.125,473624fd47212cfa19f996fe780314008e00deff,d5060402-a904-deb9-4748-2c7f4a124842
22:52:10.813383,0.07818603515625,0.140625,0.2186279296875,0.031494140625,-1.37646484375,0.7509765625,0.119140625,79.6875,nan,nan,01050009fe0d0402fdf40206f400fb04,d5060205-a904-deb9-4748-2c7f4a124842
22:52:10.828106,0.84722900390625,-0.04486083984375,0.52130126953125,-0.09161376953125,-0.88037109375,-0.18359375,0.45068359375,0.3125,8.9375,-2.8125,393621fd5d2123faf5f888fe9b0305008f00d3ff,d5060402-a904-deb9-4748-2c7f4a124842
22:52:10.850641,0.8463134765625,-0.0447998046875,0.52264404296875,-0.09222412109375,-0.87939453125,-0.17578125,0.43505859375,1.5,8.25,-2.75,2a3622fd732119faf7f898fe7b0318008400d4ff,d5060402-a904-deb9-4748-2c7f4a124842
22:52:10.857973,0.23443603515625,-0.10882568359375,-0.04742431640625,-0.062255859375,-0.2509765625,1.00341796875,-0.37255859375,16.0,nan,nan,010f09f9f7fc04fcfefd070805fd0001,d5060205-a904-deb9-4748-2c7f4a124842
22:52:10.865778,0.8453369140625,-0.044677734375,0.52410888671875,-0.09295654296875,-0.875,-0.1767578125,0.427734375,1.9375,9.4375,-3.1875,1a3624fd8b210dfa00f996fe6c031f009700cdff,d5060402-a904-deb9-4748-2c7f4a124842
22:52:10.888102,0.84442138671875,-0.04473876953125,0.5255126953125,-0.0936279296875,-0.88134765625,-0.1767578125,0.43798828125,0.875,9.3125,-3.25,0b3623fda22102faf3f896fe81030e009500ccff,d5060402-a904-deb9-4748-2c7f4a124842
22:52:10.903582,-0.03143310546875,0.3570556640625,0.0465087890625,-0.03143310546875,0.25,-2.4951171875,-0.74169921875,-15.9375,nan,nan,fdfdda16fa02fdfd00020aec11fa01ff,d5060205-a904-deb9-4748-2c7f4a124842
22:52:10.910722,0.84344482421875,-0.04461669921875,0.52691650390625,-0.0943603515625,-0.88232421875,-0.17431640625,0.42333984375,2.0625,8.9375,-3.5625,fb3525fdb921f6f9f1f89bfe630321008f00c7ff,d5060402-a904-deb9-4748-2c7f4a124842
22:52:10.926330,0.842529296875,-0.0443115234375,0.5281982421875,-0.09515380859375,-0.89501953125,-0.1796875,0.43310546875,2.9375,8.375,-3.1875,ec352afdce21e9f9d7f890fe77032f008600cdff,d5060402-a904-deb9-4748-2c7f4a124842
22:52:10.933190,0.0467529296875,0.156005859375,0.07763671875,-0.047119140625,0.873046875,-1.623046875,0.123046875,-15.75,nan,nan,fe02fc09f804fcfcfc0604f3fc0004ff,d5060205-a904-deb9-4748-2c7f4a124842
22:52:10.948325,0.84173583984375,-0.0440673828125,0.52947998046875,-0.0958251953125,-0.88623046875,-0.1796875,0.41845703125,2.75,7.75,-2.3125,df352efde321def9e9f890fe59032c007c00dbff,d5060402-a904-deb9-4748-2c7f4a124842
22:52:10.971243,0.84088134765625,-0.043701171875,0.53070068359375,-0.0965576171875,-0.8857421875,-0.17822265625,0.41015625,3.0625,7.375,-2.5,d13534fdf721d2f9eaf893fe480331007600d8ff,d5060402-a904-deb9-4748-2c7f4a124842
22:52:10.978141,-0.156494140625,0.12457275390625,-0.1558837890625,-0.015380859375,-0.00048828125,-0.7490234375,0.12060546875,15.8125,nan,nan,fcf5f90706f604ffffff02faf700fd00,d5060205-a904-deb9-4748-2c7f4a124842
22:52:10.986258,0.8399658203125,-0.04351806640625,0.531982421875,-0.09722900390625,-0.8857421875,-0.185546875,0.4052734375,2.625,7.625,-2.5,c23537fd0c22c7f9eaf884fe3e032a007a00d8ff,d5060402-a904-deb9-4748-2c7f4a124842
22:52:11.008236,0.83917236328125,-0.0433349609375,0.533203125,-0.09796142578125,-0.896484375,-0.18798828125,0.404296875,2.8125,6.8125,-2.625,b5353afd2022bbf9d4f87ffe3c032d006d00d6ff,d5060402-a904-deb9-4748-2c7f4a124842
22:52:11.015591,0.0,-0.31280517578125,-0.2188720703125,0.03143310546875,1.3759765625,2.25634765625,-0.62890625,-15.75,nan,nan,0000fbebfef10302020b0d12f8fa04ff,d5060205-a904-deb9-4748-2c7f4a124842
22:52:11.031312,0.8385009765625,-0.04315185546875,0.5340576171875,-0.09857177734375,-0.88818359375,-0.177734375,0.4169921875,2.0625,5.875,-2.25,aa353dfd2e22b1f9e5f894fe560321005e00dcff,d5060402-a904-deb9-4748-2c7f4a124842
22:52:11.046320,0.837890625,-0.04327392578125,0.53497314453125,-0.09906005859375,-0.88671875,-0.181640625,0.416015625,0.6875,6.0,-2.875,a0353bfd3d22a9f9e8f88cfe54030b006000d2ff,d5060402-a904-deb9-4748-2c7f4a124842
22:52:11.060613,-0.04705810546875,-0.07818603515625,0.17254638671875,-0.01556396484375,1.49853515625,2.88330078125,-0.62939453125,-63.9375,nan,nan,fdfcfffa0b0b01fffd0b1117f7fa01fc,d5060205-a904-deb9-4748-2c7f4a124842
22:52:11.068043,0.8370361328125,-0.0433349609375,0.53619384765625,-0.099609375,-0.88134765625,-0.18603515625,0.39453125,0.75,6.9375,-2.4375,92353afd5122a0f9f3f883fe28030c006f00d9ff,d5060402-a904-deb9-4748-2c7f4a124842
22:52:11.092034,0.83612060546875,-0.043212890625,0.5374755859375,-0.10003662109375,-0.90185546875,-0.17724609375,0.412109375,1.0,8.5,-2.25,83353cfd662299f9c9f895fe4c0310008800dcff,d5060402-a904-deb9-4748-2c7f4a124842
22:52:11.098405,0.06219482421875,-0.14019775390625,0.062255859375,0.03131103515625,-0.62646484375,0.74853515625,1.75341796875,-32.3125,nan,nan,fb0307f7fc030102fdfafd05070efbfd,d5060205-a904-deb9-4748-2c7f4a124842
22:52:11.106211,0.83538818359375,-0.0433349609375,0.53857421875,-0.10052490234375,-0.8876953125,-0.1845703125,0.3994140625,0.1875,6.375,-2.625,77353afd782291f9e6f886fe320303006600d6ff,d5060402-a904-deb9-4748-2c7f4a124842
22:52:11.128058,0.834716796875,-0.0435791015625,0.53955078125,-0.10089111328125,-0.892578125,-0.189453125,0.390625,0.0,5.3125,-2.125,6c3536fd88228bf9dcf87cfe200300005500deff,d5060402-a904-deb9-4748-2c7f4a124842
22:52:11.135580,0.03118896484375,0.10980224609375,-0.04730224609375,-0.03131103515625,-0.37646484375,-0.00732421875,-0.50732421875,-16.0,nan,nan,ff010707f9fcfffdfdfcf1fff1fb00ff,d5060205-a904-deb9-4748-2c7f4a124842
22:52:11.151288,0.8338623046875,-0.04364013671875,0.540771484375,-0.10137939453125,-0.8896484375,-0.18994140625,0.40185546875,0.5,8.1875,-2.375,5e3535fd9c2283f9e2f87bfe370308008300daff,d5060402-a904-deb9-4748-2c7f4a124842
22:52:11.166206,0.8330078125,-0.0435791015625,0.5419921875,-0.10186767578125,-0.91455078125,-0.1923828125,0.3935546875,1.125,7.125,-1.875,503536fdb0227bf9aff876fe260312007200e2ff,d5060402-a904-deb9-4748-2c7f4a124842
22:52:11.180617,-0.062744140625,0.23486328125,0.21832275390625,-0.015625,-0.99951171875,0.62255859375,0.5,-16.25,nan,nan,fcfb080ff90d00ff01f8fb040004fcfe,d5060205-a904-deb9-4748-2c7f4a124842
22:52:11.188211,0.83209228515625,-0.04351806640625,0.54339599609375,-0.10223388671875,-0.896484375,-0.19287109375,0.37158203125,0.9375,7.3125,-1.25,413537fdc72275f9d4f875fef9020f007500ecff,d5060402-a904-deb9-4748-2c7f4a124842
22:52:11.211316,0.8310546875,-0.043212890625,0.54486083984375,-0.10247802734375,-0.89794921875,-0.18115234375,0.38720703125,1.5625,9.4375,-0.625,30353cfddf2271f9d1f88dfe190319009700f6ff,d5060402-a904-deb9-4748-2c7f4a124842
22:52:11.218085,0.07818603515625,0.21826171875,0.09429931640625,0.1097412109375,0.75146484375,-0.49853515625,-0.25341796875,15.9375,nan,nan,0105f80d09060607030603fcf9fdff00,d5060205-a904-deb9-4748-2c7f4a124842
22:52:11.226282,0.8302001953125,-0.0430908203125,0.546142578125,-0.10272216796875,-0.9033203125,-0.18603515625,0.39013671875,0.3125,8.125,-1.25,22353efdf4226df9c6f883fe1f0305008200ecff,d5060402-a904-deb9-4748-2c7f4a124842
22:52:11.249045,0.829345703125,-0.04345703125,0.54730224609375,-0.10321044921875,-0.8974609375,-0.20166015625,0.39404296875,-0.625,8.0,-2.3125,143538fd072365f9d2f863fe2703f6ff8000dbff,d5060402-a904-deb9-4748-2c7f4a124842
22:52:11.255686,-0.0469970703125,0.29742431640625,0.07830810546875,0.062255859375,-0.75048828125,-3.38427734375,-3.14111328125,-80.3125,nan,nan,fefc09130305fc03fff9ede4dfe6fbfa,d5060205-a904-deb9-4748-2c7f4a124842
22:52:11.271295,0.82843017578125,-0.04345703125,0.54864501953125,-0.1036376953125,-0.8994140625,-0.19384765625,0.38671875,0.75,9.0,-2.0,053538fd1d235ef9cef873fe18030c009000e0ff,d5060402-a904-deb9-4748-2c7f4a124842
22:52:11.286203,0.827392578125,-0.04327392578125,0.55010986328125,-0.10406494140625,-0.89892578125,-0.18115234375,0.36669921875,1.25,9.0,-1.75,f4343bfd352357f9cff88dfeef0214009000e4ff,d5060402-a904-deb9-4748-2c7f4a124842
22:52:11.300451,0.1094970703125,0.06280517578125,0.10906982421875,0.0,-0.5,-0.99658203125,-1.00146484375,48.125,nan,nan,02070504fb06000000fc07f8fdf70203,d5060205-a904-deb9-4748-2c7f4a124842
22:52:11.308135,0.8265380859375,-0.043212890625,0.5513916015625,-0.1044921875,-0.9091796875,-0.181640625,0.37353515625,0.4375,7.625,-2.5,e6343cfd4a2350f9baf88cfefd0207007a00d8ff,d5060402-a904-deb9-4748-2c7f4a124842
22:52:11.331343,0.82586669921875,-0.04327392578125,0.55230712890625,-0.1048583984375,-0.89990234375,-0.185546875,0.3642578125,0.4375,5.25,-2.1875,db343bfd59234af9cdf884feea0207005400ddff,d5060402-a904-deb9-4748-2c7f4a124842
22:52:11.338122,0.0782470703125,-0.4873046875,-0.4544677734375,0.01568603515625,-0.25146484375,1.2529296875,-0.125,0.0625,nan,nan,0205d0e0eae20101fdfd060a00ff0100,d5060205-a904-deb9-4748-2c7f4a124842
22:52:11.346209,0.8253173828125,-0.04327392578125,0.5531005859375,-0.10498046875,-0.91357421875,-0.18896484375,0.37939453125,-0.0625,4.8125,-1.0625,d2343bfd662348f9b1f87dfe0903ffff4d00efff,d5060402-a904-deb9-4748-2c7f4a124842
22:52:11.375479,0.82476806640625,-0.04345703125,0.55389404296875,-0.1051025390625,-0.9033203125,-0.197265625,0.365234375,-0.5625,4.4375,-0.6875,c93438fd732346f9c6f86cfeec02f7ff4700f5ff,d5060402-a904-deb9-4748-2c7f4a124842
22:52:11.376388,-0.17205810546875,0.03033447265625,0.06329345703125,0.03082275390625,-0.24951171875,3.763671875,-0.86865234375,16.125,nan,nan,fdf4f1010d04f90101fe1c1e0df90201,d5060205-a904-deb9-4748-2c7f4a124842
22:52:11.397972,0.8240966796875,-0.0435791015625,0.55474853515625,-0.10540771484375,-0.90576171875,-0.19775390625,0.36328125,-0.125,5.0625,-1.375,be3436fd812341f9c1f86bfee802feff5100eaff,d5060402-a904-deb9-4748-2c7f4a124842
22:52:11.406275,0.82366943359375,-0.0435791015625,0.55535888671875,-0.105712890625,-0.9052734375,-0.1865234375,0.3662109375,0.5625,3.5,-1.625,b73436fd8b233cf9c2f882feee0209003800e6ff,d5060402-a904-deb9-4748-2c7f4a124842
22:52:11.420480,-0.03131103515625,0.14068603515625,0.187744140625,-6.103515625e-05,0.12451171875,-0.12255859375,-1.74365234375,32.0,nan,nan,fffd0109040cffffff0005ff0df20002,d5060205-a904-deb9-4748-2c7f4a124842
22:52:11.428392,0.82330322265625,-0.043701171875,0.55584716796875,-0.10589599609375,-0.90625,-0.1826171875,0.36328125,-0.4375,2.5625,-2.1875,b13434fd932339f9c0f88afee802f9ff2900ddff,d5060402-a904-deb9-4748-2c7f4a124842
22:52:11.457930,0.8228759765625,-0.044189453125,0.556396484375,-0.10601806640625,-0.91796875,-0.1982421875,0.37060546875,-1.875,2.75,-1.75,aa342cfd9c2337f9a8f86afef702e2ff2c00e4ff,d5060402-a904-deb9-4748-2c7f4a124842
22:52:11.458800,-0.10931396484375,0.0157470703125,0.10992431640625,0.03094482421875,0.5,1.25048828125,0.3671875,0.1875,nan,nan,01f902010907fb010004010af0020300,d5060205-a904-deb9-4748-2c7f4a124842
22:52:11.466271,0.822509765625,-0.0443115234375,0.5570068359375,-0.1060791015625,-0.89453125,-0.19677734375,0.3603515625,-0.5625,3.375,-0.125,a4342afda62336f9d8f86dfee202f7ff3600feff,d5060402-a904-deb9-4748-2c7f4a124842
22:52:11.495515,0.82220458984375,-0.0443115234375,0.55731201171875,-0.1063232421875,-0.9091796875,-0.19921875,0.36279296875,0.625,1.625,-0.9375,9f342afdab2332f9baf868fee7020a001a00f1ff,d5060402-a904-deb9-4748-2c7f4a124842
22:52:11.496320,-0.0155029296875,0.01593017578125,-0.123291015625,0.0157470703125,-0.75048828125,-2.75341796875,0.62890625,-48.25,nan,nan,02ff05011cf80201fff9f9e90805fcfc,d5060205-a904-deb9-4748-2c7f4a124842
22:52:11.511307,0.82183837890625,-0.04443359375,0.557861328125,-0.10650634765625,-0.90478515625,-0.1953125,0.35595703125,0.0625,2.6875,-1.1875,993428fdb4232ff9c3f870fed90201002b00edff,d5060402-a904-deb9-4748-2c7f4a124842
22:52:11.526321,0.82147216796875,-0.0443115234375,0.55828857421875,-0.1068115234375,-0.90087890625,-0.19580078125,0.3544921875,1.625,2.375,-0.9375,93342afdbb232af9cbf86ffed6021a002600f1ff,d5060402-a904-deb9-4748-2c7f4a124842
22:52:11.540903,0.39105224609375,-0.32806396484375,-0.3450927734375,-0.0777587890625,1.12353515625,-0.75244140625,1.24658203125,144.1875,nan,nan,071901ebeae906fbfd08fbf9f9090309,d5060205-a904-deb9-4748-2c7f4a124842
22:52:11.548878,0.82122802734375,-0.04412841796875,0.55865478515625,-0.1070556640625,-0.91650390625,-0.19482421875,0.35986328125,1.3125,1.5625,-0.625,8f342dfdc12326f9abf871fee10215001900f6ff,d5060402-a904-deb9-4748-2c7f4a124842
22:52:11.571342,0.82086181640625,-0.04412841796875,0.55914306640625,-0.1072998046875,-0.904296875,-0.19921875,0.35693359375,0.6875,2.75,-0.625,89342dfdc92322f9c4f868fedb020b002c00f6ff,d5060402-a904-deb9-4748-2c7f4a124842
22:52:11.578084,-0.07818603515625,0.0311279296875,0.10986328125,0.04669189453125,-0.375,-1.62744140625,-0.001953125,15.8125,nan,nan,fffafe010807fd0200fdfbf2fcfffd00,d5060205-a904-deb9-4748-2c7f4a124842
22:52:11.586329,0.82049560546875,-0.04400634765625,0.55963134765625,-0.107666015625,-0.9091796875,-0.1962890625,0.3427734375,1.6875,2.0,-1.4375,83342ffdd1231cf9baf86efebe021b002000e9ff,d5060402-a904-deb9-4748-2c7f4a124842
22:52:11.608046,0.8201904296875,-0.0438232421875,0.55999755859375,-0.10797119140625,-0.91650390625,-0.19482421875,0.35400390625,1.875,1.75,-0.9375,7e3432fdd72317f9abf871fed5021e001c00f1ff,d5060402-a904-deb9-4748-2c7f4a124842
22:52:11.616000,-0.01568603515625,-0.34381103515625,0.07843017578125,0.0311279296875,-1.12744140625,5.623046875,1.490234375,-48.4375,nan,nan,fffeffe90505fe01fbf6fc2cec0bf9fc,d5060205-a904-deb9-4748-2c7f4a124842
22:52:11.631303,0.8199462890625,-0.0435791015625,0.560302734375,-0.10821533203125,-0.91259765625,-0.1953125,0.3525390625,2.0,1.25,-0.25,7a3436fddc2313f9b3f870fed20220001400fcff,d5060402-a904-deb9-4748-2c7f4a124842
22:52:11.646283,0.81976318359375,-0.04345703125,0.56060791015625,-0.10833740234375,-0.90478515625,-0.19775390625,0.3447265625,1.1875,1.0,0.0625,773438fde12311f9c3f86bfec202130010000100,d5060402-a904-deb9-4748-2c7f4a124842
22:52:11.660464,0.03118896484375,0.01788330078125,0.04718017578125,6.103515625e-05,-0.8740234375,-0.38916015625,-0.5029296875,-0.5,nan,nan,ff0125010503010002f9e3fcfafbf8ff,d5060205-a904-deb9-4748-2c7f4a124842
22:52:11.668111,0.8197021484375,-0.04345703125,0.5606689453125,-0.10833740234375,-0.9013671875,-0.1904296875,0.35009765625,0.6875,-0.25,-0.4375,763438fde22311f9caf87afecd020b00fcfff9ff,d5060402-a904-deb9-4748-2c7f4a124842
22:52:11.691315,0.8197021484375,-0.04345703125,0.56072998046875,-0.10833740234375,-0.91259765625,-0.1953125,0.3505859375,0.5625,0.1875,-0.6875,763438fde32311f9b3f870fece0209000300f5ff,d5060402-a904-deb9-4748-2c7f4a124842
22:52:11.698120,-0.23455810546875,0.4375,0.50042724609375,0.0306396484375,1.5009765625,-3.6220703125,-3.13623046875,-63.875,nan,nan,fdf0001c0720f601020c06e3e9e602fc,d5060205-a904-deb9-4748-2c7f4a124842
22:52:11.706213,0.8194580078125,-0.043701171875,0.56103515625,-0.1083984375,-0.91015625,-0.201171875,0.35498046875,-0.875,1.3125,-0.75,723434fde82310f9b8f864fed702f2ff1500f4ff,d5060402-a904-deb9-4748-2c7f4a124842
22:52:11.728153,0.819091796875,-0.0438232421875,0.5615234375,-0.10845947265625,-0.90234375,-0.1953125,0.3466796875,-0.4375,2.3125,-0.6875,6c3432fdf0230ff9c8f870fec602f9ff2500f5ff,d5060402-a904-deb9-4748-2c7f4a124842
22:52:11.737118,0.06256103515625,0.3759765625,-0.21807861328125,0.03173828125,0.375,0.25146484375,-0.50390625,-48.3125,nan,nan,010410180bf2080200030302f8fbfbfc,d5060205-a904-deb9-4748-2c7f4a124842
22:52:11.751253,0.8187255859375,-0.043701171875,0.56201171875,-0.10870361328125,-0.91455078125,-0.19140625,0.33984375,1.125,2.0625,-1.0625,663434fdf8230bf9aff878feb80212002100efff,d5060402-a904-deb9-4748-2c7f4a124842
22:52:11.766350,0.8184814453125,-0.04364013671875,0.5623779296875,-0.1090087890625,-0.9169921875,-0.201171875,0.34814453125,1.3125,1.5,-1.0,623435fdfe2306f9aaf864fec90215001800f0ff,d5060402-a904-deb9-4748-2c7f4a124842
22:52:11.780492,0.468994140625,0.031494140625,-0.73687744140625,-0.01507568359375,-0.25048828125,-1.6279296875,0.87646484375,31.8125,nan,nan,041e0402d7d009fffffdfaf20307fd01,d5060205-a904-deb9-4748-2c7f4a124842
22:52:11.788155,0.818359375,-0.0435791015625,0.5625,-0.1092529296875,-0.9169921875,-0.1982421875,0.3544921875,1.3125,0.375,-0.75,603436fd002402f9aaf86afed60215000600f4ff,d5060402-a904-deb9-4748-2c7f4a124842
22:52:11.811319,0.81805419921875,-0.0433349609375,0.56292724609375,-0.10943603515625,-0.90478515625,-0.1904296875,0.33251953125,1.375,1.375,-0.375,5b343afd0724fff8c3f87afea90216001600faff,d5060402-a904-deb9-4748-2c7f4a124842
22:52:11.818199,0.12518310546875,0.23468017578125,0.0621337890625,0.07806396484375,-0.25048828125,-0.501953125,-0.37744140625,31.75,nan,nan,0308050ffa03ff04fffdfcfbfbfcfc01,d5060205-a904-deb9-4748-2c7f4a124842
22:52:11.826275,0.8177490234375,-0.043212890625,0.5633544921875,-0.10968017578125,-0.91357421875,-0.19482421875,0.33544921875,1.625,1.375,-1.0625,56343cfd0e24fbf8b1f871feaf021a001600efff,d5060402-a904-deb9-4748-2c7f4a124842
22:52:11.849491,0.81744384765625,-0.04302978515625,0.563720703125,-0.110107421875,-0.91748046875,-0.201171875,0.34423828125,2.125,1.8125,-1.0625,51343ffd1424f4f8a9f864fec10222001d00efff,d5060402-a904-deb9-4748-2c7f4a124842
22:52:11.855704,0.18780517578125,0.23565673828125,0.094482421875,0.04693603515625,-0.25146484375,0.87646484375,-0.49951171875,63.75,nan,nan,050c150f0c060103fdfd030701fcfc03,d5060205-a904-deb9-4748-2c7f4a124842
22:52:11.871402,0.81732177734375,-0.042724609375,0.56378173828125,-0.11041259765625,-0.91552734375,-0.1982421875,0.34375,2.75,-0.375,-0.25,4f3444fd1524eff8adf86afec0022c00fafffcff,d5060402-a904-deb9-4748-2c7f4a124842
22:52:11.886289,0.8172607421875,-0.04241943359375,0.56390380859375,-0.1104736328125,-0.91162109375,-0.18603515625,0.337890625,1.5625,-0.625,-0.125,4e3449fd1724eef8b5f883feb4021900f6fffeff,d5060402-a904-deb9-4748-2c7f4a124842
22:52:11.900440,-0.171875,-0.03143310546875,0.12298583984375,-0.0001220703125,-0.00244140625,1.748046875,-0.87548828125,-64.25,nan,nan,00f5fdfddf07fefffbfffc0dfff8fcfb,d5060205-a904-deb9-4748-2c7f4a124842
22:52:11.908148,0.81732177734375,-0.04254150390625,0.5638427734375,-0.110595703125,-0.912109375,-0.1953125,0.34326171875,0.0625,-1.375,-0.6875,4f3447fd1624ecf8b4f870febf020100eafff5ff,d5060402-a904-deb9-4748-2c7f4a124842
22:52:11.931371,0.8173828125,-0.0426025390625,0.563720703125,-0.11077880859375,-0.90771484375,-0.203125,0.34765625,0.9375,-1.5,-0.5625,503446fd1424e9f8bdf860fec8020f00e8fff7ff,d5060402-a904-deb9-4748-2c7f4a124842
22:52:11.938153,-0.0938720703125,0.15618896484375,0.1094970703125,0.0467529296875,1.5,0.37890625,-0.5029296875,48.375,nan,nan,fef9ff090207fe02000c0803fafb0603,d5060205-a904-deb9-4748-2c7f4a124842
22:52:11.946363,0.8175048828125,-0.0423583984375,0.56341552734375,-0.1109619140625,-0.90869140625,-0.19970703125,0.36083984375,1.875,-1.5625,0.125,52344afd0f24e6f8bbf867fee3021e00e7ff0200,d5060402-a904-deb9-4748-2c7f4a124842
22:52:11.977178,0.81768798828125,-0.04229736328125,0.563232421875,-0.1109619140625,-0.9130859375,-0.18994140625,0.357421875,0.5,-1.625,0.125,55344bfd0c24e6f8b2f87bfedc020800e6ff0200,d5060402-a904-deb9-4748-2c7f4a124842
22:52:11.992169,-0.03125,0.0782470703125,-0.046630859375,0.03106689453125,0.12451171875,-2.00390625,-0.62109375,-0.1875,nan,nan,00fe020504fdfd01ff00f8ef08fbfdff,d5060205-a904-deb9-4748-2c7f4a124842
22:52:11.993453,0.8177490234375,-0.04241943359375,0.56317138671875,-0.11090087890625,-0.90185546875,-0.197265625,0.33837890625,-0.375,-2.125,0.1875,563449fd0b24e7f8c9f86cfeb502faffdeff0300,d5060402-a904-deb9-4748-2c7f4a124842
22:52:12.006324,0.81781005859375,-0.0426025390625,0.56304931640625,-0.11083984375,-0.91162109375,-0.197265625,0.34765625,-0.75,-1.8125,-0.0625,573446fd0924e8f8b5f86cfec802f4ffe3ffffff,d5060402-a904-deb9-4748-2c7f4a124842
22:52:12.020619,0.0938720703125,-0.3272705078125,-0.10662841796875,-0.09368896484375,2.1259765625,-0.86767578125,-0.14111328125,16.25,nan,nan,02060eeb2df901fa02110ff9dffe0401,d5060205-a904-deb9-4748-2c7f4a124842
22:52:12.028793,0.81781005859375,-0.0428466796875,0.56304931640625,-0.11083984375,-0.91455078125,-0.20458984375,0.34326171875,-0.5,-1.25,-0.3125,573442fd0924e8f8aff85dfebf02f8ffecfffbff,d5060402-a904-deb9-4748-2c7f4a124842
22:52:12.052026,0.8177490234375,-0.0428466796875,0.5631103515625,-0.11083984375,-0.9130859375,-0.20458984375,0.33056640625,-0.0625,0.0625,-0.5,563442fd0a24e8f8b2f85dfea502ffff0100f8ff,d5060402-a904-deb9-4748-2c7f4a124842
22:52:12.058252,-0.0626220703125,0.03076171875,0.06182861328125,0.03106689453125,-0.49951171875,-0.0009765625,0.0009765625,-32.25,nan,nan,fefbf801f503fd0101fcfeff0200fcfd,d5060205-a904-deb9-4748-2c7f4a124842
22:52:12.066353,0.81744384765625,-0.04290771484375,0.56353759765625,-0.11090087890625,-0.91357421875,-0.19580078125,0.33447265625,0.0625,1.125,-0.5625,513441fd1124e7f8b1f86ffead0201001200f7ff,d5060402-a904-deb9-4748-2c7f4a124842
22:52:12.088853,0.81719970703125,-0.0428466796875,0.56390380859375,-0.11102294921875,-0.9140625,-0.193359375,0.337890625,0.25,1.125,-0.5,4d3442fd1724e5f8b0f874feb40204001200f8ff,d5060402-a904-deb9-4748-2c7f4a124842
22:52:12.103271,0.01544189453125,0.28143310546875,0.03106689453125,-0.0155029296875,-0.1240234375,-1.37451171875,-0.50048828125,-16.25,nan,nan,fd000312fd0102ff02ff01f5fffbfcfe,d5060205-a904-deb9-4748-2c7f4a124842
22:52:12.118124,0.81695556640625,-0.0428466796875,0.56414794921875,-0.11126708984375,-0.9111328125,-0.20703125,0.3427734375,1.1875,0.6875,-0.4375,493442fd1b24e1f8b6f858febe0213000b00f9ff,d5060402-a904-deb9-4748-2c7f4a124842
22:52:12.126238,0.81689453125,-0.04241943359375,0.564208984375,-0.11151123046875,-0.9111328125,-0.19970703125,0.34375,2.875,-0.125,0.25,483449fd1c24ddf8b6f867fec0022e00feff0400,d5060402-a904-deb9-4748-2c7f4a124842
22:52:12.140685,-0.109375,-0.0777587890625,0.0933837890625,-0.04693603515625,0.375,1.11474609375,0.25146484375,15.8125,nan,nan,00f906fbfa05fffc0003eb080302fd00,d5060205-a904-deb9-4748-2c7f4a124842
22:52:12.148820,0.8167724609375,-0.0421142578125,0.56439208984375,-0.11175537109375,-0.90966796875,-0.19580078125,0.33203125,2.4375,-0.125,0.0,46344efd1f24d9f8b9f86ffea8022700feff0000,d5060402-a904-deb9-4748-2c7f4a124842
22:52:12.172176,0.81671142578125,-0.0419921875,0.564453125,-0.1119384765625,-0.91552734375,-0.19580078125,0.34521484375,1.625,-0.4375,-0.625,453450fd2024d6f8adf86ffec3021a00f9fff6ff,d5060402-a904-deb9-4748-2c7f4a124842
22:52:12.178150,-0.09375,0.14093017578125,-0.015869140625,0.07806396484375,1.3759765625,2.38037109375,-0.87158203125,-16.0625,nan,nan,00fa0509fcfeff04020b0b1307f9fffe,d5060205-a904-deb9-4748-2c7f4a124842
22:52:12.186279,0.81683349609375,-0.04193115234375,0.56427001953125,-0.11212158203125,-0.90966796875,-0.19921875,0.34375,1.125,-2.0,-0.375,473451fd1d24d3f8b9f868fec0021200e0fffaff,d5060402-a904-deb9-4748-2c7f4a124842
22:52:12.208732,0.81689453125,-0.0418701171875,0.5640869140625,-0.11224365234375,-0.9140625,-0.1962890625,0.34423828125,0.875,-2.1875,-0.1875,483452fd1a24d1f8b0f86efec1020e00ddfffdff,d5060402-a904-deb9-4748-2c7f4a124842
22:52:12.223584,0.078125,0.1407470703125,0.09368896484375,0.01544189453125,-1.25048828125,0.11474609375,-0.8759765625,-48.25,nan,nan,00050209ff05fd00fff5eb00fef8fcfc,d5060205-a904-deb9-4748-2c7f4a124842
22:52:12.230725,0.8170166015625,-0.041748046875,0.56390380859375,-0.1123046875,-0.91259765625,-0.19140625,0.33935546875,1.25,-2.5,-0.3125,4a3454fd1724d0f8b3f878feb7021400d8fffbff,d5060402-a904-deb9-4748-2c7f4a124842
22:52:12.253155,0.817138671875,-0.04156494140625,0.56378173828125,-0.11236572265625,-0.912109375,-0.19140625,0.34130859375,1.1875,-2.3125,0.0625,4c3457fd1524cff8b4f878febb021300dbff0100,d5060402-a904-deb9-4748-2c7f4a124842
22:52:12.261013,-0.01568603515625,-0.07818603515625,-0.1082763671875,-0.00042724609375,0.12646484375,-0.876953125,-0.3779296875,32.125,nan,nan,fffefffa12f9f9ff0301fcf8fafc0202,d5060205-a904-deb9-4748-2c7f4a124842
22:52:12.268826,0.8173828125,-0.0413818359375,0.5634765625,-0.11236572265625,-0.90966796875,-0.197265625,0.34912109375,1.25,-2.625,0.9375,50345afd1024cff8b9f86cfecb021400d6ff0f00,d5060402-a904-deb9-4748-2c7f4a124842
22:52:12.292082,0.817626953125,-0.04144287109375,0.5631103515625,-0.1123046875,-0.91015625,-0.205078125,0.34814453125,0.5,-3.375,0.875,543459fd0a24d0f8b8f85cfec9020800caff0e00,d5060402-a904-deb9-4748-2c7f4a124842
22:52:12.298144,0.03118896484375,0.0628662109375,0.03125,-0.03143310546875,0.12353515625,-0.00390625,-0.50146484375,-0.3125,nan,nan,ff0106040002fdfdfd00f8fffdfbfbff,d5060205-a904-deb9-4748-2c7f4a124842
22:52:12.306264,0.81793212890625,-0.04132080078125,0.56268310546875,-0.11224365234375,-0.9072265625,-0.19775390625,0.3427734375,0.875,-4.4375,0.875,59345bfd0324d1f8bef86bfebe020e00b9ff0e00,d5060402-a904-deb9-4748-2c7f4a124842
22:52:12.328740,0.818359375,-0.04119873046875,0.56207275390625,-0.11224365234375,-0.90966796875,-0.19091796875,0.34765625,1.3125,-5.1875,0.625,60345dfdf923d1f8b9f879fec8021500adff0a00,d5060402-a904-deb9-4748-2c7f4a124842
22:52:12.343157,0.078125,0.0791015625,-0.0941162109375,-0.04681396484375,0.0009765625,0.2392578125,0.12548828125,-47.9375,nan,nan,00051005faf901fd0200ea01010101fd,d5060205-a904-deb9-4748-2c7f4a124842
22:52:12.344373,0.81878662109375,-0.04107666015625,0.5615234375,-0.1121826171875,-0.92578125,-0.1923828125,0.3544921875,0.9375,-5.0,0.25,67345ffdf023d2f898f876fed6020f00b0ff0400,d5060402-a904-deb9-4748-2c7f4a124842
22:52:12.373790,0.8193359375,-0.04083251953125,0.5606689453125,-0.11199951171875,-0.91552734375,-0.19140625,0.373046875,0.8125,-5.5625,1.75,703463fde223d5f8adf878fefc020d00a7ff1c00,d5060402-a904-deb9-4748-2c7f4a124842
22:52:12.380661,-0.14068603515625,0.09423828125,0.2978515625,0.03106689453125,0.37548828125,-3.1279296875,-2.25146484375,-95.9375,nan,nan,fff608061013fd010103fae6fded01fa,d5060205-a904-deb9-4748-2c7f4a124842
22:52:12.387921,0.82025146484375,-0.04083251953125,0.5594482421875,-0.11187744140625,-0.916015625,-0.20654296875,0.38720703125,0.8125,-7.75,1.5625,7f3463fdce23d7f8acf859fe19030d0084ff1900,d5060402-a904-deb9-4748-2c7f4a124842
22:52:12.410429,0.82122802734375,-0.04071044921875,0.55792236328125,-0.11187744140625,-0.90087890625,-0.193359375,0.3623046875,2.0625,-10.8125,0.9375,8f3465fdb523d7f8cbf874fee602210053ff0f00,d5060402-a904-deb9-4748-2c7f4a124842
22:52:12.418423,-0.01556396484375,-0.20269775390625,0.1407470703125,0.0469970703125,-0.501953125,2.37451171875,-0.86328125,-32.25,nan,nan,01ff07f302090203fcfbff1218f9fcfd,d5060205-a904-deb9-4748-2c7f4a124842
22:52:12.425499,0.822265625,-0.04034423828125,0.55645751953125,-0.11199951171875,-0.9140625,-0.18994140625,0.37841796875,3.25,-10.0625,0.8125,a0346bfd9d23d5f8b0f87bfe070334005fff0d00,d5060402-a904-deb9-4748-2c7f4a124842
22:52:12.447968,0.8232421875,-0.0400390625,0.5550537109375,-0.11199951171875,-0.904296875,-0.1787109375,0.375,2.3125,-9.8125,0.4375,b03470fd8623d5f8c4f892fe0003250063ff0700,d5060402-a904-deb9-4748-2c7f4a124842
22:52:12.463444,-0.01568603515625,-0.09381103515625,0.0001220703125,-0.0313720703125,0.1240234375,-0.37548828125,0.12451171875,-16.375,nan,nan,fffefff90200fefdfe00fffcff00fafe,d5060205-a904-deb9-4748-2c7f4a124842
22:52:12.470531,0.82366943359375,-0.03997802734375,0.55438232421875,-0.112060546875,-0.88818359375,-0.18603515625,0.33349609375,1.4375,-7.1875,0.0625,b73471fd7b23d4f8e5f883feab0217008dff0100,d5060402-a904-deb9-4748-2c7f4a124842
22:52:12.485449,0.8238525390625,-0.039794921875,0.5540771484375,-0.11224365234375,-0.9140625,-0.189453125,0.34716796875,2.1875,-4.75,-0.75,ba3474fd7623d1f8b0f87cfec7022300b4fff4ff,d5060402-a904-deb9-4748-2c7f4a124842
22:52:12.501056,-0.0311279296875,-0.0001220703125,-0.015625,-0.01580810546875,0.3759765625,-0.375,-0.625,-48.0625,nan,nan,02fefeff00fffdfe020300fd00fbfffc,d5060205-a904-deb9-4748-2c7f4a124842
22:52:12.507964,0.82403564453125,-0.03961181640625,0.5538330078125,-0.11236572265625,-0.91357421875,-0.18896484375,0.3349609375,2.125,-4.6875,0.125,bd3477fd7223cff8b1f87dfeae022200b5ff0200,d5060402-a904-deb9-4748-2c7f4a124842
22:52:12.530487,0.82421875,-0.03924560546875,0.5535888671875,-0.11248779296875,-0.90087890625,-0.203125,0.34375,3.1875,-4.0,1.4375,c0347dfd6e23cdf8cbf860fec0023300c0ff1700,d5060402-a904-deb9-4748-2c7f4a124842
22:52:12.538184,0.07794189453125,0.125732421875,-0.29559326171875,-0.0780029296875,1.37744140625,-0.623046875,0.490234375,64.3125,nan,nan,fd040c0815ed02fb050b04fbec030504,d5060205-a904-deb9-4748-2c7f4a124842
22:52:12.545416,0.82489013671875,-0.03857421875,0.55255126953125,-0.11285400390625,-0.9267578125,-0.2158203125,0.41943359375,5.25,-5.0,1.9375,cb3488fd5d23c7f896f846fe5b035400b0ff1f00,d5060402-a904-deb9-4748-2c7f4a124842
22:52:12.568204,0.82550048828125,-0.03759765625,0.55157470703125,-0.1131591796875,-0.87353515625,-0.1953125,0.3671875,6.75,-6.4375,2.6875,d53498fd4d23c2f803f970fef0026c0099ff2b00,d5060402-a904-deb9-4748-2c7f4a124842
22:52:12.583638,-6.103515625e-05,-0.01568603515625,-0.015625,0.015625,-0.37451171875,-0.1259765625,-0.00048828125,-31.9375,nan,nan,fffffffe00ff000101fdfefeffff01fe,d5060205-a904-deb9-4748-2c7f4a124842
22:52:12.590503,0.825927734375,-0.03692626953125,0.55096435546875,-0.1134033203125,-0.8984375,-0.16796875,0.36865234375,4.3125,-5.0625,0.125,dc34a3fd4323bef8d0f8a8fef3024500afff0200,d5060402-a904-deb9-4748-2c7f4a124842
22:52:12.605439,0.82611083984375,-0.03662109375,0.55078125,-0.11328125,-0.89697265625,-0.1552734375,0.36083984375,0.8125,-3.1875,-0.3125,df34a8fd4023c0f8d3f8c2fee3020d00cdfffbff,d5060402-a904-deb9-4748-2c7f4a124842
22:52:12.620802,-0.06256103515625,0.03131103515625,-0.0009765625,-0.0157470703125,0.375,0.74853515625,-0.48828125,31.8125,nan,nan,fffb0102f0fffefe0003fd0518fcfd01,d5060205-a904-deb9-4748-2c7f4a124842
22:52:12.628014,0.8262939453125,-0.03704833984375,0.550537109375,-0.11279296875,-0.90283203125,-0.17626953125,0.37548828125,-3.5625,-3.1875,0.3125,e234a1fd3c23c8f8c7f897fe0103c7ffcdff0500,d5060402-a904-deb9-4748-2c7f4a124842
22:52:12.650680,0.82708740234375,-0.0377197265625,0.54937744140625,-0.1124267578125,-0.91845703125,-0.2041015625,0.4140625,-3.3125,-7.5,0.6875,ef3496fd2923cef8a7f85efe5003cbff88ff0b00,d5060402-a904-deb9-4748-2c7f4a124842
22:52:12.658064,-0.109375,-0.078857421875,-0.01611328125,0.01519775390625,-1.25,-0.50341796875,0.1240234375,-32.25,nan,nan,00f9f4faf8fef90000f6f9fbfe00fcfd,d5060205-a904-deb9-4748-2c7f4a124842
22:52:12.672918,0.828125,-0.03826904296875,0.54779052734375,-0.11224365234375,-0.89453125,-0.203125,0.3935546875,-1.0625,-11.5625,0.625,00358dfd0f23d1f8d8f860fe2603efff47ff0a00,d5060402-a904-deb9-4748-2c7f4a124842
22:52:12.688543,0.828857421875,-0.03851318359375,0.546630859375,-0.11212158203125,-0.888671875,-0.1865234375,0.38671875,-0.6875,-8.4375,0.125,0c3589fdfc22d3f8e4f882fe1803f5ff79ff0200,d5060402-a904-deb9-4748-2c7f4a124842
22:52:12.703102,0.015625,0.01580810546875,-0.03143310546875,0.015625,0.12451171875,-0.5,-0.37646484375,-16.0625,nan,nan,00010301fdfd0001ff0000fcfdfcfffe,d5060205-a904-deb9-4748-2c7f4a124842
22:52:12.710632,0.82916259765625,-0.0384521484375,0.54632568359375,-0.11187744140625,-0.89111328125,-0.17578125,0.36181640625,-0.0625,-4.5625,1.0,11358afdf722d7f8dff898fee502ffffb7ff1000,d5060402-a904-deb9-4748-2c7f4a124842
22:52:12.726154,0.829345703125,-0.03851318359375,0.54608154296875,-0.11163330078125,-0.90576171875,-0.18701171875,0.37353515625,-0.5,-4.0,0.875,143589fdf322dbf8c1f881fefd02f8ffc0ff0e00,d5060402-a904-deb9-4748-2c7f4a124842
22:52:12.748085,-0.04681396484375,6.103515625e-05,-0.06146240234375,0.0311279296875,0.24951171875,1.99951171875,0.1201171875,15.875,nan,nan,01fd010011fcfe01ff01ff0ff600fe00,d5060205-a904-deb9-4748-2c7f4a124842
22:52:12.748650,0.82940673828125,-0.0384521484375,0.5460205078125,-0.11138916015625,-0.900390625,-0.19287109375,0.359375,0.125,-3.0625,1.75,15358afdf222dff8ccf875fee0020200cfff1c00,d5060402-a904-deb9-4748-2c7f4a124842
22:52:12.764502,0.8294677734375,-0.03790283203125,0.5458984375,-0.111572265625,-0.90087890625,-0.21142578125,0.380859375,4.375,-1.875,2.4375,163593fdf022dcf8cbf84ffe0c034600e2ff2700,d5060402-a904-deb9-4748-2c7f4a124842
22:52:12.778222,-0.0313720703125,0.34381103515625,-0.109375,0.01556396484375,0.2490234375,-0.62548828125,0.12255859375,-0.125,nan,nan,fefd011600f9ff00fe01fffafb00feff,d5060205-a904-deb9-4748-2c7f4a124842
22:52:12.800528,0.83013916015625,-0.03704833984375,0.54486083984375,-0.112060546875,-0.916015625,-0.20361328125,0.41845703125,6.9375,-6.0625,1.5,2135a1fddf22d4f8acf85ffe59036f009fff1800,d5060402-a904-deb9-4748-2c7f4a124842
22:52:12.808099,0.83111572265625,-0.036376953125,0.54327392578125,-0.1126708984375,-0.89404296875,-0.1923828125,0.4091796875,6.375,-9.9375,0.1875,3135acfdc522caf8d9f876fe4603660061ff0300,d5060402-a904-deb9-4748-2c7f4a124842
22:52:12.822969,-0.01580810546875,0.01580810546875,-0.0155029296875,-0.04705810546875,0.5,-0.5,-0.25634765625,-80.25,nan,nan,fdfe030102fffdfc000400fcf3fdfcfa,d5060205-a904-deb9-4748-2c7f4a124842
22:52:12.823848,0.831787109375,-0.0357666015625,0.54217529296875,-0.113037109375,-0.8837890625,-0.17578125,0.39013671875,4.9375,-7.625,-0.125,3c35b6fdb322c4f8eef898fe1f034f0086fffeff,d5060402-a904-deb9-4748-2c7f4a124842
22:52:12.845423,0.832275390625,-0.03515625,0.54150390625,-0.11322021484375,-0.896484375,-0.17041015625,0.39697265625,4.0,-5.1875,0.4375,4435c0fda822c1f8d4f8a3fe2d034000adff0700,d5060402-a904-deb9-4748-2c7f4a124842
22:52:12.860627,-0.0782470703125,0.077880859375,-0.01556396484375,-0.00030517578125,0.37548828125,-1.5029296875,-0.87158203125,-80.1875,nan,nan,fefafc0401fffbff0103faf307f9fdfa,d5060205-a904-deb9-4748-2c7f4a124842
22:52:12.867985,0.8330078125,-0.034423828125,0.54046630859375,-0.11309814453125,-0.90380859375,-0.158203125,0.41357421875,2.875,-7.3125,1.6875,5035ccfd9722c3f8c5f8bcfe4f032e008bff1b00,d5060402-a904-deb9-4748-2c7f4a124842
22:52:12.883895,0.8345947265625,-0.0345458984375,0.53802490234375,-0.1126708984375,-0.9150390625,-0.16796875,0.44189453125,-0.375,-15.875,1.25,6a35cafd6f22caf8aef8a8fe8903faff02ff1400,d5060402-a904-deb9-4748-2c7f4a124842
22:52:12.898254,-0.09375,0.154541015625,0.09356689453125,6.103515625e-05,0.623046875,-2.126953125,-0.75048828125,-32.0625,nan,nan,00fae409fd050100fc04fceefff9fffd,d5060205-a904-deb9-4748-2c7f4a124842
22:52:12.905462,0.836181640625,-0.03497314453125,0.53564453125,-0.1121826171875,-0.8681640625,-0.1767578125,0.40966796875,-1.6875,-16.9375,1.5625,8435c3fd4822d2f80ef996fe4703e5fff1fe1900,d5060402-a904-deb9-4748-2c7f4a124842
22:52:12.928575,0.83740234375,-0.0355224609375,0.53387451171875,-0.1114501953125,-0.88232421875,-0.1767578125,0.39599609375,-3.3125,-14.4375,2.125,9835bafd2b22def8f1f896fe2b03cbff19ff2200,d5060402-a904-deb9-4748-2c7f4a124842
22:52:12.943096,-0.0157470703125,0.0625,0.03125,-0.046875,0.37548828125,-0.125,-0.75048828125,287.875,nan,nan,fefe0004000200fd010300fffff9fe11,d5060205-a904-deb9-4748-2c7f4a124842
22:52:12.943898,0.83807373046875,-0.0360107421875,0.532958984375,-0.110595703125,-0.892578125,-0.17431640625,0.38330078125,-3.75,-10.0,2.1875,a335b2fd1c22ecf8dcf89bfe1103c4ff60ff2300,d5060402-a904-deb9-4748-2c7f4a124842
22:52:12.966224,0.8387451171875,-0.03619384765625,0.53204345703125,-0.1097412109375,-0.8955078125,-0.1748046875,0.40625,-2.4375,-8.9375,3.625,ae35affd0d22faf8d6f89afe4003d9ff71ff3a00,d5060402-a904-deb9-4748-2c7f4a124842
22:52:12.980768,0.01556396484375,-0.03179931640625,0.01556396484375,6.103515625e-05,-0.75048828125,-0.25,-0.130859375,-16.3125,nan,nan,ff00f7fdff000100fff900fef4fefbfe,d5060205-a904-deb9-4748-2c7f4a124842
22:52:12.988160,0.83984375,-0.03619384765625,0.53045654296875,-0.10919189453125,-0.89697265625,-0.1923828125,0.42529296875,-0.0625,-11.8125,3.75,c035affdf32103f9d3f876fe6703ffff43ff3c00,d5060402-a904-deb9-4748-2c7f4a124842
22:52:13.003856,0.84161376953125,-0.03656005859375,0.52764892578125,-0.10919189453125,-0.8935546875,-0.21826171875,0.49072265625,1.0,-16.5625,1.625,dd35a9fdc52103f9daf841feed031000f7fe1a00,d5060402-a904-deb9-4748-2c7f4a124842
22:52:13.025755,0.0157470703125,0.03118896484375,-0.04681396484375,-0.04669189453125,-0.37353515625,-0.25146484375,0.1240234375,-32.125,nan,nan,0201ff0101fd03fd03fdfdfdfe00fefd,d5060205-a904-deb9-4748-2c7f4a124842
22:52:13.026141,0.84295654296875,-0.0362548828125,0.525390625,-0.1094970703125,-0.84716796875,-0.20556640625,0.4072265625,5.1875,-15.9375,2.1875,f335aefda021fef839f95bfe4203530001ff2300,d5060402-a904-deb9-4748-2c7f4a124842
22:52:13.048000,0.8438720703125,-0.03497314453125,0.52392578125,-0.10992431640625,-0.8583984375,-0.1708984375,0.43017578125,8.8125,-9.625,2.0,0236c3fd8821f7f822f9a2fe71038d0066ff2000,d5060402-a904-deb9-4748-2c7f4a124842
22:52:13.063007,-0.03131103515625,-0.0782470703125,0.01513671875,0.01544189453125,-0.25146484375,0.24755859375,-0.00146484375,16.0625,nan,nan,fffdfefaf800fd00fdfdfb01fdff0101,d5060205-a904-deb9-4748-2c7f4a124842
22:52:13.063877,0.84521484375,-0.0333251953125,0.52191162109375,-0.10986328125,-0.9130859375,-0.12646484375,0.4453125,8.0,-14.375,2.5625,1836defd6721f8f8b2f8fdfe900380001aff2900,d5060402-a904-deb9-4748-2c7f4a124842
22:52:13.093517,0.846923828125,-0.03350830078125,0.519287109375,-0.10894775390625,-0.8896484375,-0.13330078125,0.43408203125,-2.5625,-20.0625,2.0,3436dbfd3c2107f9e2f8effe7903d7ffbffe2000,d5060402-a904-deb9-4748-2c7f4a124842
22:52:13.100675,0.14056396484375,-0.10931396484375,0.03204345703125,-0.04693603515625,0.7490234375,0.7509765625,-0.2529296875,32.0625,nan,nan,ff0801f90d02fffcfe050206fafd0102,d5060205-a904-deb9-4748-2c7f4a124842
22:52:13.107974,0.84893798828125,-0.03485107421875,0.51629638671875,-0.10699462890625,-0.8759765625,-0.13818359375,0.46533203125,-11.1875,-22.0625,3.9375,5536c5fd0b2127f9fef8e5feb9034dff9ffe3f00,d5060402-a904-deb9-4748-2c7f4a124842
22:52:13.123852,0.85064697265625,-0.036865234375,0.51373291015625,-0.1053466796875,-0.85205078125,-0.18310546875,0.419921875,-11.8125,-21.625,3.5625,7136a4fde12042f92ff989fe5c0343ffa6fe3900,d5060402-a904-deb9-4748-2c7f4a124842
22:52:13.145476,0.0,0.0313720703125,-0.04638671875,0.031005859375,-0.2490234375,0.00146484375,-0.13330078125,0.0625,nan,nan,0000020208fdfc0102fe0300effe0100,d5060205-a904-deb9-4748-2c7f4a124842
22:52:13.146158,0.8515625,-0.03887939453125,0.5123291015625,-0.1038818359375,-0.8408203125,-0.2041015625,0.42919921875,-11.625,-13.0625,3.625,803683fdca205af946f95efe6f0346ff2fff3a00,d5060402-a904-deb9-4748-2c7f4a124842
22:52:13.167911,0.8521728515625,-0.0394287109375,0.51141357421875,-0.10308837890625,-0.87255859375,-0.19677734375,0.45361328125,-3.125,-8.375,3.75,8a367afdbb2067f905f96dfea103ceff7aff3c00,d5060402-a904-deb9-4748-2c7f4a124842
22:52:13.183451,-0.078125,0.00048828125,0.22027587890625,-0.04693603515625,1.50146484375,1.99169921875,-1.748046875,48.4375,nan,nan,00fb0800190efffc030cef0f04f20703,d5060205-a904-deb9-4748-2c7f4a124842
22:52:13.184315,0.853271484375,-0.0391845703125,0.5096435546875,-0.10272216796875,-0.88134765625,-0.1826171875,0.49267578125,1.625,-11.25,3.1875,9c367efd9e206df9f3f88afef1031a004cff3300,d5060402-a904-deb9-4748-2c7f4a124842
22:52:13.206794,0.85516357421875,-0.03936767578125,0.506591796875,-0.10205078125,-0.87060546875,-0.17919921875,0.5009765625,-0.4375,-20.125,3.375,bb367bfd6c2078f909f991fe0204f9ffbefe3600,d5060402-a904-deb9-4748-2c7f4a124842
22:52:13.220745,-0.01580810546875,-0.04681396484375,-0.0318603515625,0.0623779296875,-0.2490234375,-0.62841796875,0.37353515625,31.75,nan,nan,fdfe01fdf6fdfe0302fef9fafd02fc01,d5060205-a904-deb9-4748-2c7f4a124842
22:52:13.228026,0.856689453125,-0.03948974609375,0.50408935546875,-0.1015625,-0.82666015625,-0.16162109375,0.44482421875,-0.125,-18.5625,2.1875,d43679fd432080f963f9b5fe8f03feffd7fe2300,d5060402-a904-deb9-4748-2c7f4a124842
22:52:13.243828,0.85723876953125,-0.03924560546875,0.50323486328125,-0.10113525390625,-0.82763671875,-0.15869140625,0.412109375,1.1875,-9.5625,2.5625,dd367dfd352087f961f9bbfe4c03130067ff2900,d5060402-a904-deb9-4748-2c7f4a124842
22:52:13.265524,-6.103515625e-05,-0.01568603515625,-0.12530517578125,0.03106689453125,-0.00048828125,0.24951171875,0.12646484375,-0.125,nan,nan,fffffffefbf7fd01ffffff010301feff,d5060205-a904-deb9-4748-2c7f4a124842
22:52:13.266117,0.8575439453125,-0.03948974609375,0.50286865234375,-0.10028076171875,-0.8857421875,-0.14794921875,0.46044921875,-3.9375,-5.8125,1.75,e23679fd2f2095f9eaf8d1feaf03c1ffa3ff1c00,d5060402-a904-deb9-4748-2c7f4a124842
22:52:13.287997,0.85791015625,-0.04046630859375,0.50250244140625,-0.09881591796875,-0.89111328125,-0.1591796875,0.4716796875,-8.8125,-6.5,3.75,e83669fd2920adf9dff8bafec60373ff98ff3c00,d5060402-a904-deb9-4748-2c7f4a124842
22:52:13.302973,0.0467529296875,-0.00030517578125,-0.1083984375,-0.01556396484375,0.2470703125,1.12646484375,0.25390625,-48.125,nan,nan,fe02fbff10f901fffa0103090802fefc,d5060205-a904-deb9-4748-2c7f4a124842
22:52:13.303794,0.85888671875,-0.0418701171875,0.5009765625,-0.09747314453125,-0.85888671875,-0.193359375,0.5087890625,-9.125,-10.75,3.875,f83652fd1020c3f921f974fe12046eff54ff3e00,d5060402-a904-deb9-4748-2c7f4a124842
22:52:13.326108,0.860107421875,-0.0426025390625,0.49896240234375,-0.0968017578125,-0.83203125,-0.205078125,0.49951171875,-2.9375,-13.25,3.8125,0c3746fdef1fcef958f95cfeff03d1ff2cff3d00,d5060402-a904-deb9-4748-2c7f4a124842
22:52:13.340694,0.03118896484375,0.03125,-0.0775146484375,0.06268310546875,-0.5,0.876953125,-0.62451171875,-16.3125,nan,nan,ff0100020afb030400fc040701fbfbfe,d5060205-a904-deb9-4748-2c7f4a124842
22:52:13.348121,0.8612060546875,-0.04241943359375,0.4970703125,-0.09674072265625,-0.82373046875,-0.185546875,0.48681640625,2.875,-12.5,2.25,1e3749fdd01fcff969f984fee5032e0038ff2400,d5060402-a904-deb9-4748-2c7f4a124842
22:52:13.363835,0.8616943359375,-0.04144287109375,0.4962158203125,-0.09710693359375,-0.83349609375,-0.158203125,0.45849609375,6.375,-7.0625,0.4375,263759fdc21fc9f955f9bcfeab0366008fff0700,d5060402-a904-deb9-4748-2c7f4a124842
22:52:13.386015,-0.03125,0.015625,-0.07818603515625,0.0467529296875,0.24951171875,0.0,-0.251953125,-32.3125,nan,nan,00fe0001fffafe02ff010000fcfdfbfd,d5060205-a904-deb9-4748-2c7f4a124842
22:52:13.386249,0.86199951171875,-0.04083251953125,0.49578857421875,-0.09716796875,-0.8603515625,-0.154296875,0.4736328125,3.5625,-4.9375,0.5625,2b3763fdbb1fc8f91ef9c4feca033900b1ff0900,d5060402-a904-deb9-4748-2c7f4a124842
22:52:13.407972,0.8624267578125,-0.0408935546875,0.49505615234375,-0.09686279296875,-0.86376953125,-0.1630859375,0.505859375,-0.75,-5.875,1.1875,323762fdaf1fcdf917f9b2fe0c04f4ffa2ff1300,d5060402-a904-deb9-4748-2c7f4a124842
22:52:13.423388,-0.03125,-0.1407470703125,-0.01556396484375,-0.0316162109375,0.50048828125,0.125,0.3740234375,-16.0,nan,nan,00fefef601fffafd01040001fe0200ff,d5060205-a904-deb9-4748-2c7f4a124842
22:52:13.423882,0.863525390625,-0.04150390625,0.4932861328125,-0.095947265625,-0.86083984375,-0.15673828125,0.5283203125,-5.0625,-11.625,1.875,443758fd921fdcf91df9bffe3a04afff46ff1e00,d5060402-a904-deb9-4748-2c7f4a124842
22:52:13.446115,0.8643798828125,-0.04229736328125,0.49188232421875,-0.09490966796875,-0.82763671875,-0.169921875,0.48046875,-5.4375,-11.625,3.3125,52374bfd7b1fedf961f9a4fed803a9ff46ff3500,d5060402-a904-deb9-4748-2c7f4a124842
22:52:13.460569,0.03143310546875,0.0167236328125,-0.07806396484375,-0.0311279296875,-0.00048828125,-0.01318359375,0.1240234375,-16.125,nan,nan,0302120101fb02feffffe5fffe00fefe,d5060205-a904-deb9-4748-2c7f4a124842
22:52:13.468054,0.86480712890625,-0.04254150390625,0.4912109375,-0.09442138671875,-0.83349609375,-0.18017578125,0.4873046875,-1.5,-6.0625,2.8125,593747fd701ff5f955f98ffee603e8ff9fff2d00,d5060402-a904-deb9-4748-2c7f4a124842
22:52:13.483908,0.865234375,-0.04217529296875,0.4906005859375,-0.09429931640625,-0.86279296875,-0.18017578125,0.5126953125,2.5,-5.0625,2.3125,60374dfd661ff7f919f98ffe1a042800afff2500,d5060402-a904-deb9-4748-2c7f4a124842
22:52:13.505671,-6.103515625e-05,0.17218017578125,-0.20318603515625,-0.03155517578125,0.12548828125,-1.75,0.251953125,32.25,nan,nan,ffff050bfff2fbfd010100f204020402,d5060205-a904-deb9-4748-2c7f4a124842
22:52:13.506141,0.865966796875,-0.04144287109375,0.48931884765625,-0.09423828125,-0.84619140625,-0.16796875,0.52685546875,4.4375,-7.8125,2.4375,6c3759fd511ff8f93bf9a8fe3704470083ff2700,d5060402-a904-deb9-4748-2c7f4a124842
22:52:13.528016,0.8670654296875,-0.04083251953125,0.4874267578125,-0.09417724609375,-0.8427734375,-0.150390625,0.52783203125,3.5625,-11.875,1.3125,7e3763fd321ff9f942f9ccfe3904390042ff1500,d5060402-a904-deb9-4748-2c7f4a124842
22:52:13.543019,0.04705810546875,0.04705810546875,-0.17230224609375,0.07818603515625,-0.25048828125,-0.50146484375,-0.25390625,63.75,nan,nan,03030303f9f40105fffdfdfbf8fdfc03,d5060205-a904-deb9-4748-2c7f4a124842
22:52:13.543808,0.86822509765625,-0.04095458984375,0.48541259765625,-0.09381103515625,-0.822265625,-0.16796875,0.5087890625,0.0,-13.875,2.0625,913761fd111ffff96cf9a8fe1204000022ff2100,d5060402-a904-deb9-4748-2c7f4a124842
22:52:13.566116,0.868896484375,-0.04071044921875,0.484375,-0.09320068359375,-0.8193359375,-0.14794921875,0.47998046875,0.125,-9.3125,3.375,9c3765fd001f09fa72f9d1fed70302006bff3600,d5060402-a904-deb9-4748-2c7f4a124842
22:52:13.580805,-0.015625,0.0,-0.09417724609375,-0.03118896484375,0.25048828125,0.1240234375,-0.11767578125,-63.8125,nan,nan,00ff0000f9f901fe0102fe000fff03fc,d5060205-a904-deb9-4748-2c7f4a124842
22:52:13.588021,0.8692626953125,-0.04083251953125,0.48382568359375,-0.09234619140625,-0.8515625,-0.15283203125,0.50439453125,-2.4375,-6.0625,3.3125,a23763fdf71e17fa30f9c7fe0904d9ff9fff3500,d5060402-a904-deb9-4748-2c7f4a124842
22:52:13.603743,0.87005615234375,-0.04132080078125,0.48260498046875,-0.09130859375,-0.85986328125,-0.1630859375,0.5439453125,-4.75,-8.875,3.5625,af375bfde31e28fa1ff9b2fe5a04b4ff72ff3900,d5060402-a904-deb9-4748-2c7f4a124842
22:52:13.625534,0.03118896484375,0.37548828125,-0.01470947265625,-0.00030517578125,0.24853515625,-2.876953125,0.11572265625,-47.9375,nan,nan,ff0108180ffffbfffd01fce8ed0001fd,d5060205-a904-deb9-4748-2c7f4a124842
22:52:13.626133,0.87103271484375,-0.04205322265625,0.48089599609375,-0.090576171875,-0.8291015625,-0.17236328125,0.533203125,-4.125,-11.8125,2.6875,bf374ffdc71e34fa5ef99ffe4404beff43ff2b00,d5060402-a904-deb9-4748-2c7f4a124842
22:52:13.648013,0.871826171875,-0.0423583984375,0.4794921875,-0.09027099609375,-0.80908203125,-0.1806640625,0.53564453125,-0.5625,-8.6875,1.875,cc374afdb01e39fa87f98efe4904f7ff75ff1e00,d5060402-a904-deb9-4748-2c7f4a124842
22:52:13.663150,-0.01568603515625,-0.077880859375,-0.03167724609375,0.046630859375,-0.1259765625,0.12353515625,-1.75830078125,-64.25,nan,nan,fffe04fbf9fdfc02fefefd00eff1fcfb,d5060205-a904-deb9-4748-2c7f4a124842
22:52:13.663815,0.87249755859375,-0.041748046875,0.478271484375,-0.0904541015625,-0.826171875,-0.16455078125,0.53564453125,4.375,-7.8125,1.0625,d73754fd9c1e36fa64f9affe4904460083ff1100,d5060402-a904-deb9-4748-2c7f4a124842
22:52:13.686129,0.8734130859375,-0.04071044921875,0.4766845703125,-0.09033203125,-0.8408203125,-0.1337890625,0.5556640625,4.8125,-9.9375,2.125,e63765fd821e38fa46f9eefe72044d0061ff2200,d5060402-a904-deb9-4748-2c7f4a124842
22:52:13.700881,0.0313720703125,0.0311279296875,-0.0780029296875,-0.03131103515625,0.1259765625,0.373046875,-0.2490234375,-16.125,nan,nan,0202fe0102fbfffd0201fc0202fefefe,d5060205-a904-deb9-4748-2c7f4a124842
22:52:13.708009,0.87408447265625,-0.03997802734375,0.47564697265625,-0.08984375,-0.80908203125,-0.14501953125,0.49169921875,3.3125,-9.1875,3.9375,f13771fd711e40fa87f9d7feef0335006dff3f00,d5060402-a904-deb9-4748-2c7f4a124842
22:52:13.723885,0.87432861328125,-0.0404052734375,0.4752197265625,-0.08935546875,-0.8203125,-0.17138671875,0.52392578125,-2.375,-4.3125,2.25,f5376afd6a1e48fa70f9a1fe3104daffbbff2400,d5060402-a904-deb9-4748-2c7f4a124842
22:52:13.745906,-0.01568603515625,-0.14080810546875,-0.00048828125,-0.03143310546875,0.373046875,-0.50146484375,0.2490234375,-32.0625,nan,nan,fffefdf6f8fffdfdfc02fdfbfe01fffd,d5060205-a904-deb9-4748-2c7f4a124842
22:52:13.746442,0.874755859375,-0.04058837890625,0.4744873046875,-0.0889892578125,-0.85107421875,-0.166015625,0.5615234375,-1.25,-5.25,1.5625,fc3767fd5e1e4efa31f9acfe7e04ecffacff1900,d5060402-a904-deb9-4748-2c7f4a124842
22:52:13.768019,0.87542724609375,-0.04046630859375,0.47332763671875,-0.08892822265625,-0.81884765625,-0.15869140625,0.544921875,1.4375,-7.4375,1.125,073869fd4b1e4ffa73f9bbfe5c04170089ff1200,d5060402-a904-deb9-4748-2c7f4a124842
22:52:13.783013,-0.01568603515625,0.0155029296875,-0.031494140625,-0.000244140625,-0.00048828125,-0.001953125,-0.25146484375,-16.125,nan,nan,fffefe00fcfdfcfffffffcfffdfdfefe,d5060205-a904-deb9-4748-2c7f4a124842
22:52:13.783872,0.8758544921875,-0.0399169921875,0.47259521484375,-0.088623046875,-0.8095703125,-0.14111328125,0.5185546875,2.125,-6.0625,2.5,0e3872fd3f1e54fa86f9dffe260422009fff2800,d5060402-a904-deb9-4748-2c7f4a124842
22:52:13.806139,0.87591552734375,-0.0396728515625,0.47259521484375,-0.0882568359375,-0.830078125,-0.1494140625,0.505859375,0.6875,-3.0625,2.0625,0f3876fd3f1e5afa5cf9cefe0c040b00cfff2100,d5060402-a904-deb9-4748-2c7f4a124842
22:52:13.820968,0.04718017578125,0.0313720703125,-0.01654052734375,0.15631103515625,0.37451171875,-0.5,0.244140625,63.625,nan,nan,05030202f1fe010aff0200fcf401fa03,d5060205-a904-deb9-4748-2c7f4a124842
22:52:13.828108,0.87652587890625,-0.0396728515625,0.4715576171875,-0.0877685546875,-0.85302734375,-0.146484375,0.5791015625,-1.25,-6.6875,1.75,193876fd2e1e62fa2df9d4fea204ecff95ff1c00,d5060402-a904-deb9-4748-2c7f4a124842
22:52:13.843779,0.8770751953125,-0.03955078125,0.47064208984375,-0.08721923828125,-0.80615234375,-0.1650390625,0.51220703125,0.4375,-8.0625,4.1875,223878fd1f1e6bfa8df9aefe190407007fff4300,d5060402-a904-deb9-4748-2c7f4a124842
22:52:13.865632,-0.015625,-0.04681396484375,-0.01568603515625,-0.031494140625,0.37451171875,0.2490234375,0.6259765625,-0.125,nan,nan,00ff01fdfffefcfdff02fe010205feff,d5060205-a904-deb9-4748-2c7f4a124842
22:52:13.866312,0.87713623046875,-0.0396728515625,0.47052001953125,-0.0870361328125,-0.80810546875,-0.15966796875,0.5244140625,-0.25,-2.3125,1.0,233876fd1d1e6efa89f9b9fe3204fcffdbff1000,d5060402-a904-deb9-4748-2c7f4a124842
22:52:13.888640,0.87713623046875,-0.03936767578125,0.47052001953125,-0.08709716796875,-0.84765625,-0.15185546875,0.53466796875,1.9375,-2.125,0.1875,23387bfd1d1e6dfa38f9c9fe47041f00deff0300,d5060402-a904-deb9-4748-2c7f4a124842
22:52:13.918833,0.09381103515625,0.04736328125,-0.03118896484375,0.06317138671875,-0.125,-0.1259765625,0.24658203125,15.9375,nan,nan,0106080301fe0b0400fffefef901ff00,d5060205-a904-deb9-4748-2c7f4a124842
22:52:13.919402,0.877685546875,-0.0391845703125,0.46966552734375,-0.08685302734375,-0.830078125,-0.14892578125,0.55712890625,0.4375,-6.1875,1.5625,2c387efd0f1e71fa5cf9cffe750407009dff1900,d5060402-a904-deb9-4748-2c7f4a124842
22:52:13.926403,0.87823486328125,-0.03924560546875,0.46868896484375,-0.08636474609375,-0.8037109375,-0.1484375,0.54345703125,-0.75,-6.875,2.4375,35387dfdff1d79fa92f9d0fe5904f4ff92ff2700,d5060402-a904-deb9-4748-2c7f4a124842
22:52:13.948102,-0.015869140625,-0.06280517578125,-0.07830810546875,-0.0313720703125,-0.2490234375,0.37353515625,-0.0009765625,-111.9375,nan,nan,fcfefbfbfdfafefd02fefd02feff01f9,d5060205-a904-deb9-4748-2c7f4a124842
22:52:13.949112,0.878662109375,-0.03900146484375,0.46795654296875,-0.08587646484375,-0.80419921875,-0.14306640625,0.53125,0.1875,-5.875,2.9375,3c3881fdf31d81fa91f9dbfe40040300a2ff2f00,d5060402-a904-deb9-4748-2c7f4a124842
22:52:13.971126,0.878662109375,-0.03900146484375,0.46807861328125,-0.08551025390625,-0.82421875,-0.15087890625,0.5322265625,-0.75,-1.4375,1.8125,3c3881fdf51d87fa68f9cbfe4204f4ffe9ff1d00,d5060402-a904-deb9-4748-2c7f4a124842
22:52:13.985504,6.103515625e-05,-0.03155517578125,0.0155029296875,-0.0159912109375,0.37451171875,0.1240234375,0.1298828125,-79.9375,nan,nan,0100fbfdfe00fafeff02fe000a0101fb,d5060205-a904-deb9-4748-2c7f4a124842
22:52:13.986321,0.87872314453125,-0.0390625,0.46795654296875,-0.08526611328125,-0.83447265625,-0.14990234375,0.5654296875,-0.875,-1.25,0.875,3d3880fdf31d8bfa53f9cdfe8604f2ffecff0e00,d5060402-a904-deb9-4748-2c7f4a124842
22:52:14.008792,0.87908935546875,-0.0394287109375,0.46728515625,-0.08514404296875,-0.81689453125,-0.15576171875,0.5634765625,-1.375,-4.125,0.0625,43387afde81d8dfa77f9c1fe8204eaffbeff0100,d5060402-a904-deb9-4748-2c7f4a124842
22:52:14.030691,0.0001220703125,-0.03125,0.09344482421875,0.03118896484375,-0.25146484375,-0.50146484375,0.248046875,-16.0625,nan,nan,020000fefb05ff01fdfdfdfbfc01fffe,d5060205-a904-deb9-4748-2c7f4a124842
22:52:14.031119,0.8792724609375,-0.03936767578125,0.46685791015625,-0.085205078125,-0.8076171875,-0.15966796875,0.5380859375,1.125,-3.9375,0.5,46387bfde11d8cfa8af9b9fe4e041200c1ff0800,d5060402-a904-deb9-4748-2c7f4a124842
22:52:14.046318,0.87939453125,-0.03857421875,0.4666748046875,-0.08538818359375,-0.80615234375,-0.14404296875,0.54052734375,4.625,-1.8125,1.0625,483888fdde1d89fa8df9d9fe53044a00e3ff1100,d5060402-a904-deb9-4748-2c7f4a124842
22:52:14.068017,0.01556396484375,0.015869140625,-0.09405517578125,0.03118896484375,-0.37548828125,1.11865234375,0.12744140625,0.125,nan,nan,ff000401fbf9ff01fffcf30805010200,d5060205-a904-deb9-4748-2c7f4a124842
22:52:14.068613,0.87957763671875,-0.037841796875,0.46636962890625,-0.08544921875,-0.82666015625,-0.12744140625,0.55517578125,3.3125,-2.5,0.375,4b3894fdd91d88fa63f9fbfe71043500d8ff0600,d5060402-a904-deb9-4748-2c7f4a124842
22:52:14.091150,0.87982177734375,-0.0379638671875,0.466064453125,-0.08502197265625,-0.8154296875,-0.1396484375,0.56201171875,-1.75,-2.3125,1.5,4f3892fdd41d8ffa7af9e2fe7f04e4ffdbff1800,d5060402-a904-deb9-4748-2c7f4a124842
22:52:14.105557,-0.0625,-0.000244140625,-0.0787353515625,-0.01580810546875,-0.0009765625,-1.626953125,-0.00341796875,-32.0625,nan,nan,00fcfcfff6fafdfefefffcf2f9fffffd,d5060205-a904-deb9-4748-2c7f4a124842
22:52:14.106243,0.8800048828125,-0.0386962890625,0.4656982421875,-0.08453369140625,-0.81005859375,-0.16259765625,0.55322265625,-3.875,-3.125,1.3125,523886fdce1d97fa85f9b3fe6d04c2ffceff1500,d5060402-a904-deb9-4748-2c7f4a124842
22:52:14.128700,0.87994384765625,-0.0386962890625,0.4658203125,-0.0845947265625,-0.80810546875,-0.16357421875,0.52783203125,-0.4375,-0.1875,0.875,513886fdd01d96fa89f9b1fe3904f9fffdff0e00,d5060402-a904-deb9-4748-2c7f4a124842
22:52:14.143010,0.00018310546875,-0.06280517578125,-0.06268310546875,0.0,0.24951171875,-0.62646484375,-0.37646484375,-48.0,nan,nan,0300fbfbfdfb0000ff01fdfafdfc00fd,d5060205-a904-deb9-4748-2c7f4a124842
22:52:14.143869,0.87994384765625,-0.0386962890625,0.4658203125,-0.0845947265625,-0.83447265625,-0.14794921875,0.5595703125,-0.375,0.9375,-0.3125,513886fdd01d96fa53f9d1fe7a04faff0f00fbff,d5060402-a904-deb9-4748-2c7f4a124842
22:52:14.166348,0.87994384765625,-0.038818359375,0.46588134765625,-0.084228515625,-0.8388671875,-0.1357421875,0.56201171875,-1.75,-1.0625,0.5625,513884fdd11d9cfa4af9eafe7f04e4ffefff0900,d5060402-a904-deb9-4748-2c7f4a124842
22:52:14.188232,0.140869140625,0.0780029296875,0.01702880859375,0.1253662109375,-0.5009765625,0.12158203125,-0.25927734375,63.75,nan,nan,0409fe0417010608fefbf900edfdfc03,d5060205-a904-deb9-4748-2c7f4a124842
22:52:14.188597,0.880126953125,-0.0391845703125,0.465576171875,-0.08380126953125,-0.80908203125,-0.146484375,0.56396484375,-3.0625,-2.0,1.0625,54387efdcc1da3fa87f9d4fe8304cfffe0ff1100,d5060402-a904-deb9-4748-2c7f4a124842
22:52:14.211142,0.8802490234375,-0.03948974609375,0.46533203125,-0.0836181640625,-0.80078125,-0.16064453125,0.53955078125,-1.1875,-2.5625,1.1875,563879fdc81da6fa98f9b7fe5104edffd7ff1300,d5060402-a904-deb9-4748-2c7f4a124842
22:52:14.225558,0.0313720703125,-0.03125,-0.09375,-0.01568603515625,-0.62451171875,-0.375,0.00146484375,-48.0625,nan,nan,020200fe00fafffe01fb00fd0300fffc,d5060205-a904-deb9-4748-2c7f4a124842
22:52:14.226301,0.88018798828125,-0.03955078125,0.4654541015625,-0.0836181640625,-0.8115234375,-0.15966796875,0.5283203125,0.5625,-0.9375,0.0625,553878fdca1da6fa82f9b9fe3a040900f1ff0100,d5060402-a904-deb9-4748-2c7f4a124842
22:52:14.248546,0.8802490234375,-0.03955078125,0.46533203125,-0.083740234375,-0.826171875,-0.15283203125,0.5576171875,0.4375,-1.6875,-0.5,563878fdc81da4fa64f9c7fe76040700e5fff8ff,d5060402-a904-deb9-4748-2c7f4a124842
22:52:14.263004,-0.04693603515625,-0.109375,-0.0472412109375,-0.0313720703125,-0.25146484375,-0.75341796875,0.125,-16.3125,nan,nan,fffc00f9fafcfefdfdfdf9f90001fbfe,d5060205-a904-deb9-4748-2c7f4a124842
22:52:14.263812,0.88043212890625,-0.03961181640625,0.46490478515625,-0.08380126953125,-0.8095703125,-0.14453125,0.55419921875,0.25,-3.0,-0.875,593877fdc11da3fa86f9d8fe6f040400d0fff2ff,d5060402-a904-deb9-4748-2c7f4a124842
22:52:14.286453,0.88043212890625,-0.0396728515625,0.46490478515625,-0.083984375,-0.80810546875,-0.14501953125,0.53515625,0.125,-1.5625,-1.4375,593876fdc11da0fa89f9d7fe48040200e7ffe9ff,d5060402-a904-deb9-4748-2c7f4a124842
22:52:14.308018,0.07818603515625,0.1248779296875,0.0469970703125,0.0311279296875,0.125,-0.36376953125,0.24755859375,-47.8125,nan,nan,0105fe070203fe01000117fdfb0103fd,d5060205-a904-deb9-4748-2c7f4a124842
22:52:14.308577,0.8804931640625,-0.039794921875,0.46484375,-0.083984375,-0.82958984375,-0.13916015625,0.55322265625,-0.6875,-1.9375,-1.0,5a3874fdc01da0fa5df9e3fe6d04f5ffe1fff0ff,d5060402-a904-deb9-4748-2c7f4a124842
22:52:14.323839,0.880615234375,-0.04010009765625,0.46453857421875,-0.08380126953125,-0.8203125,-0.14453125,0.552734375,-2.0,-3.1875,-0.1875,5c386ffdbb1da3fa70f9d8fe6c04e0ffcdfffdff,d5060402-a904-deb9-4748-2c7f4a124842
22:52:14.345776,0.0157470703125,-0.03118896484375,-0.12640380859375,0.046630859375,-0.3779296875,-1.00537109375,-0.00537109375,-32.4375,nan,nan,020101fee9f7fc02fafcf5f7f5fff9fd,d5060205-a904-deb9-4748-2c7f4a124842
22:52:14.346542,0.880859375,-0.04083251953125,0.464111328125,-0.08349609375,-0.81640625,-0.15283203125,0.55908203125,-4.0,-3.75,-0.375,603863fdb41da8fa78f9c7fe7904c0ffc4fffaff,d5060402-a904-deb9-4748-2c7f4a124842
22:52:14.368586,0.8807373046875,-0.041015625,0.46429443359375,-0.08331298828125,-0.81005859375,-0.15673828125,0.5244140625,-0.75,-1.3125,1.0625,5e3860fdb71dabfa85f9bffe3204f4ffebff1100,d5060402-a904-deb9-4748-2c7f4a124842
22:52:14.383204,0.015625,-0.046875,6.103515625e-05,0.04681396484375,0.5009765625,-0.25,-0.37548828125,-16.0,nan,nan,000100fd0100ff02020400fefffc00ff,d5060205-a904-deb9-4748-2c7f4a124842
22:52:14.390446,0.8807373046875,-0.041015625,0.46435546875,-0.08331298828125,-0.81982421875,-0.15185546875,0.54150390625,-0.9375,0.6875,-0.375,5e3860fdb81dabfa71f9c9fe5504f1ff0b00faff,d5060402-a904-deb9-4748-2c7f4a124842
22:52:14.406537,0.88067626953125,-0.04144287109375,0.46441650390625,-0.08294677734375,-0.8251953125,-0.142578125,0.5634765625,-3.5,-0.5625,-0.0625,5d3859fdb91db1fa66f9dcfe8204c8fff7ffffff,d5060402-a904-deb9-4748-2c7f4a124842
22:52:14.428246,-0.0311279296875,0.0782470703125,-0.0938720703125,0.0,-0.12646484375,-0.75439453125,-0.25146484375,-16.1875,nan,nan,02fe0205fef90000fdfef7f9fdfdfdfe,d5060205-a904-deb9-4748-2c7f4a124842
22:52:14.428622,0.8807373046875,-0.0419921875,0.46441650390625,-0.08251953125,-0.8125,-0.1552734375,0.55615234375,-3.75,-1.1875,0.875,5e3850fdb91db8fa80f9c2fe7304c4ffedff0e00,d5060402-a904-deb9-4748-2c7f4a124842
22:52:14.457952,0.88079833984375,-0.0423583984375,0.4642333984375,-0.08251953125,-0.8056640625,-0.16455078125,0.5595703125,-1.125,-1.3125,0.125,5f384afdb61db8fa8ef9affe7a04eeffebff0200,d5060402-a904-deb9-4748-2c7f4a124842
22:52:14.465485,-0.04681396484375,0.09320068359375,-0.0313720703125,-0.0625,0.25,-0.25146484375,-0.25048828125,0.0,nan,nan,01fdf705fefd00fc0002fdfdfffd0000,d5060205-a904-deb9-4748-2c7f4a124842
22:52:14.466348,0.8809814453125,-0.04229736328125,0.46392822265625,-0.08258056640625,-0.81396484375,-0.15771484375,0.5634765625,0.875,-2.1875,-0.0625,62384bfdb11db7fa7df9bdfe82040e00ddffffff,d5060402-a904-deb9-4748-2c7f4a124842
22:52:14.488535,0.88116455078125,-0.04229736328125,0.4635009765625,-0.08282470703125,-0.80810546875,-0.1572265625,0.56689453125,0.875,-2.5625,-0.8125,65384bfdaa1db3fa89f9befe89040e00d7fff3ff,d5060402-a904-deb9-4748-2c7f4a124842
22:52:14.503435,0.01568603515625,0.12493896484375,-0.0469970703125,-0.01580810546875,-0.251953125,-1.25146484375,0.1220703125,-48.0,nan,nan,0101ff07fefcfdfefcfdfdf5fa0000fd,d5060205-a904-deb9-4748-2c7f4a124842
22:52:14.510507,0.88134765625,-0.042236328125,0.46307373046875,-0.0831298828125,-0.8046875,-0.1474609375,0.560546875,1.5625,-2.625,-1.5625,68384cfda31daefa90f9d2fe7c041900d6ffe7ff,d5060402-a904-deb9-4748-2c7f4a124842
22:52:14.526300,0.88134765625,-0.0421142578125,0.4630126953125,-0.08355712890625,-0.81201171875,-0.14892578125,0.55078125,1.75,-1.1875,-1.9375,68384efda21da7fa81f9cffe68041c00edffe1ff,d5060402-a904-deb9-4748-2c7f4a124842
22:52:14.548102,0.06243896484375,0.01556396484375,-0.06268310546875,-0.01568603515625,0.1259765625,-0.87939453125,0.373046875,-16.0,nan,nan,ff03ff00fdfbfffe0201f7f8fc0200ff,d5060205-a904-deb9-4748-2c7f4a124842
22:52:14.548643,0.88134765625,-0.042236328125,0.4630126953125,-0.08349609375,-0.81787109375,-0.14404296875,0.55712890625,-0.9375,-1.3125,-0.8125,68384cfda21da8fa75f9d9fe7504f1ffebfff3ff,d5060402-a904-deb9-4748-2c7f4a124842
22:52:14.570450,0.88116455078125,-0.0428466796875,0.46331787109375,-0.08349609375,-0.814453125,-0.16259765625,0.54052734375,-2.6875,-0.0625,-1.0625,653842fda71da8fa7cf9b3fe5304d5ffffffefff,d5060402-a904-deb9-4748-2c7f4a124842
22:52:14.585756,0.01580810546875,-0.110107421875,-0.062744140625,0.04681396484375,-0.2529296875,-0.50048828125,0.62451171875,-0.0625,nan,nan,0301f4f8fcfbff02fafdfffbff04ffff,d5060205-a904-deb9-4748-2c7f4a124842
22:52:14.586442,0.8809814453125,-0.0433349609375,0.463623046875,-0.08349609375,-0.8173828125,-0.16455078125,0.54931640625,-2.125,0.5,-1.0625,62383afdac1da8fa76f9affe6504deff0800efff,d5060402-a904-deb9-4748-2c7f4a124842
22:52:14.608606,0.8809814453125,-0.0433349609375,0.463623046875,-0.08349609375,-0.818359375,-0.1591796875,0.5615234375,-0.25,0.0,-0.375,62383afdac1da8fa74f9bafe7e04fcff0000faff,d5060402-a904-deb9-4748-2c7f4a124842
22:52:14.630639,0.10955810546875,0.01580810546875,0.0,0.015869140625,-0.12451171875,-0.00048828125,0.248046875,-47.9375,nan,nan,030703010000040101fffffffc0101fd,d5060205-a904-deb9-4748-2c7f4a124842
22:52:14.631121,0.88104248046875,-0.043212890625,0.4635009765625,-0.0836181640625,-0.810546875,-0.15234375,0.55712890625,1.0,-1.1875,-0.25,63383cfdaa1da6fa84f9c8fe75041000edfffcff,d5060402-a904-deb9-4748-2c7f4a124842
22:52:14.653731,0.881103515625,-0.04296875,0.46337890625,-0.08367919921875,-0.81396484375,-0.14990234375,0.5556640625,1.375,-1.5,0.0625,643840fda81da5fa7df9cdfe72041600e8ff0100,d5060402-a904-deb9-4748-2c7f4a124842
22:52:14.668136,-0.01556396484375,0.24951171875,-0.0623779296875,-0.04681396484375,-0.00048828125,-1.0,0.125,-32.0,nan,nan,01fff80f02fc01fdffff00f8000100fe,d5060205-a904-deb9-4748-2c7f4a124842
22:52:14.668671,0.88116455078125,-0.04290771484375,0.4632568359375,-0.08367919921875,-0.8076171875,-0.15673828125,0.55078125,0.6875,-1.5625,0.125,653841fda61da5fa8af9bffe68040b00e7ff0200,d5060402-a904-deb9-4748-2c7f4a124842
22:52:14.690479,0.88116455078125,-0.04296875,0.46331787109375,-0.083740234375,-0.80615234375,-0.1650390625,0.5556640625,0.375,-0.6875,-0.25,653840fda71da4fa8df9aefe72040600f5fffcff,d5060402-a904-deb9-4748-2c7f4a124842
22:52:14.705675,-0.09381103515625,-0.0308837890625,0.01531982421875,-0.0469970703125,-0.2509765625,0.74658203125,0.37353515625,-64.0,nan,nan,fff906fefb00fefcfefdf905fd0200fc,d5060205-a904-deb9-4748-2c7f4a124842
22:52:14.706356,0.881103515625,-0.0430908203125,0.46331787109375,-0.08392333984375,-0.8134765625,-0.16064453125,0.55712890625,0.3125,-0.5,-1.125,64383efda71da1fa7ef9b7fe75040500f8ffeeff,d5060402-a904-deb9-4748-2c7f4a124842
22:52:14.728618,0.88116455078125,-0.04315185546875,0.46319580078125,-0.083984375,-0.81689453125,-0.15234375,0.5693359375,-0.25,-1.0625,-0.8125,65383dfda51da0fa77f9c8fe8e04fcffeffff3ff,d5060402-a904-deb9-4748-2c7f4a124842
22:52:14.743230,0.00018310546875,-0.06280517578125,0.031494140625,-0.03106689453125,0.00048828125,0.00048828125,0.748046875,16.25,nan,nan,0300fbfb040203fe01000100fc050401,d5060205-a904-deb9-4748-2c7f4a124842
22:52:14.750784,0.8812255859375,-0.04315185546875,0.463134765625,-0.08392333984375,-0.8173828125,-0.14697265625,0.55517578125,-0.5,-1.5,-0.0625,66383dfda41da1fa76f9d3fe7104f8ffe8ffffff,d5060402-a904-deb9-4748-2c7f4a124842
22:52:14.766308,0.8812255859375,-0.043212890625,0.463134765625,-0.0838623046875,-0.8115234375,-0.15576171875,0.54541015625,-0.0625,-1.25,0.3125,66383cfda41da2fa82f9c1fe5d04ffffecff0500,d5060402-a904-deb9-4748-2c7f4a124842
22:52:14.787995,0.0623779296875,0.0155029296875,-0.09356689453125,0.0155029296875,0.49951171875,-0.12451171875,0.1259765625,16.0625,nan,nan,fe03fe0003fafe00ff0301ff02010101,d5060205-a904-deb9-4748-2c7f4a124842
22:52:14.788809,0.88116455078125,-0.04315185546875,0.4632568359375,-0.083984375,-0.8095703125,-0.1640625,0.5419921875,1.3125,-0.625,-0.125,65383dfda61da0fa86f9b0fe56041500f6fffeff,d5060402-a904-deb9-4748-2c7f4a124842
22:52:14.811155,0.881103515625,-0.04315185546875,0.4632568359375,-0.084228515625,-0.814453125,-0.16552734375,0.56103515625,1.125,-0.5625,-0.625,64383dfda61d9cfa7cf9adfe7d041200f7fff6ff,d5060402-a904-deb9-4748-2c7f4a124842
22:52:14.825646,0.03106689453125,-0.00018310546875,-0.031005859375,-0.01580810546875,0.3759765625,0.12451171875,0.8828125,16.25,nan,nan,fd01fdff04fefdfe0203ff0010070401,d5060205-a904-deb9-4748-2c7f4a124842
22:52:14.826622,0.881103515625,-0.04315185546875,0.4632568359375,-0.084228515625,-0.8095703125,-0.1572265625,0.56103515625,0.3125,-0.9375,-0.5,64383dfda61d9cfa86f9befe7d040500f1fff8ff,d5060402-a904-deb9-4748-2c7f4a124842
22:52:14.848719,0.88116455078125,-0.04302978515625,0.46319580078125,-0.084228515625,-0.81298828125,-0.14697265625,0.556640625,0.4375,-1.125,0.0625,65383ffda51d9cfa7ff9d3fe74040700eeff0100,d5060402-a904-deb9-4748-2c7f4a124842
22:52:14.870501,0.0311279296875,0.078857421875,-0.03118896484375,-0.015625,-0.24951171875,-0.25146484375,0.623046875,-32.0625,nan,nan,fe010c0501fe00ff01fefdfdfc04fffd,d5060205-a904-deb9-4748-2c7f4a124842
22:52:14.871121,0.88116455078125,-0.04302978515625,0.46319580078125,-0.08416748046875,-0.81396484375,-0.154296875,0.54833984375,0.0625,-1.125,0.125,65383ffda51d9dfa7df9c4fe63040100eeff0200,d5060402-a904-deb9-4748-2c7f4a124842
22:52:14.886251,0.881103515625,-0.04302978515625,0.4632568359375,-0.08416748046875,-0.81298828125,-0.16162109375,0.556640625,-0.4375,-1.0,-0.125,64383ffda61d9dfa7ff9b5fe7404f9fff0fffeff,d5060402-a904-deb9-4748-2c7f4a124842
